RackId,RoomId,RowId,Name,Position,X,Y,Rotation,WidthMm,DepthMm,HeightU,MaxKw,MaxKg,Status
PB-DC-001-RK-A01,PB-DC-001-EQR,PB-DC-001-EQR-A,A01,1,,,,600,1000,42,8,900,ACTIVE
PB-DC-001-RK-A02,PB-DC-001-EQR,PB-DC-001-EQR-A,A02,2,,,,600,1000,42,8,900,ACTIVE
PB-DC-001-RK-A03,PB-DC-001-EQR,PB-DC-001-EQR-A,A03,3,,,,600,1000,42,8,900,ACTIVE
PB-DC-001-RK-A04,PB-DC-001-EQR,PB-DC-001-EQR-A,A04,4,,,,600,1000,42,8,900,ACTIVE
PB-DC-001-RK-A05,PB-DC-001-EQR,PB-DC-001-EQR-A,A05,5,,,,600,1000,42,4,900,ACTIVE
PB-DC-001-RK-B01,PB-DC-001-EQR,PB-DC-001-EQR-B,B01,1,,,,600,1000,42,8,900,ACTIVE
PB-DC-001-RK-B02,PB-DC-001-EQR,PB-DC-001-EQR-B,B02,2,,,,600,1000,42,8,900,ACTIVE
PB-DC-001-RK-B03,PB-DC-001-EQR,PB-DC-001-EQR-B,B03,3,,,,600,1000,42,8,900,ACTIVE
PB-DC-001-RK-M01,PB-DC-001-MDF,PB-DC-001-MDF-A,M01,1,,,,800,800,42,1,900,ACTIVE
