ConnectionId,Kind,APortId,BPortId,CableId,Media,LengthM,Role,RedundancyGroup,Status
PB-DC-002-CBL-0001,PHYSICAL,PB-DC-002-PE-T4-01:xe-0/0/0,PB-DC-002-ODF-01:F01,PB-DC-002-CBL-0001,OS2,25,UPLINK,,ACTIVE
PB-DC-002-CBL-0002,PHYSICAL,PB-DC-002-PE-T4-02:xe-0/0/0,PB-DC-002-ODF-01:F02,PB-DC-002-CBL-0002,OS2,25,UPLINK,,ACTIVE
PB-DC-002-CBL-0003,PHYSICAL,PB-DC-002-PE-T4-03:xe-0/0/0,PB-DC-002-ODF-01:F03,PB-DC-002-CBL-0003,OS2,25,UPLINK,,ACTIVE
PB-DC-002-CBL-0004,PHYSICAL,PB-DC-002-PE-T4-04:xe-0/0/0,PB-DC-002-ODF-01:F04,PB-DC-002-CBL-0004,OS2,25,UPLINK,,ACTIVE
PB-DC-002-CBL-0005,PHYSICAL,PB-DC-002-PE-T4-05:xe-0/0/0,PB-DC-002-ODF-01:F05,PB-DC-002-CBL-0005,OS2,25,UPLINK,,ACTIVE
PB-DC-002-CBL-0006,PHYSICAL,PB-DC-002-PE-T4-06:xe-0/0/0,PB-DC-002-ODF-01:F06,PB-DC-002-CBL-0006,OS2,25,UPLINK,,ACTIVE
PB-DC-002-CBL-0007,PHYSICAL,PB-DC-002-PE-T4-07:xe-0/0/0,PB-DC-002-ODF-01:F07,PB-DC-002-CBL-0007,OS2,25,UPLINK,,ACTIVE
PB-DC-002-CBL-0008,PHYSICAL,PB-DC-002-PE-T4-08:xe-0/0/0,PB-DC-002-ODF-01:F08,PB-DC-002-CBL-0008,OS2,25,UPLINK,,ACTIVE
PB-DC-002-CBL-0009,PHYSICAL,PB-DC-002-PE-T4-09:xe-0/0/0,PB-DC-002-ODF-01:F09,PB-DC-002-CBL-0009,OS2,25,UPLINK,,ACTIVE
PB-DC-002-CBL-0010,PHYSICAL,PB-DC-002-PE-T4-10:xe-0/0/0,PB-DC-002-ODF-01:F10,PB-DC-002-CBL-0010,OS2,25,UPLINK,,ACTIVE
PB-DC-002-CBL-0011,PHYSICAL,PB-DC-002-PE-T4-11:xe-0/0/0,PB-DC-002-ODF-01:F11,PB-DC-002-CBL-0011,OS2,25,UPLINK,,ACTIVE
PB-DC-002-CBL-0012,PHYSICAL,PB-DC-002-PE-T4-12:xe-0/0/0,PB-DC-002-ODF-01:F12,PB-DC-002-CBL-0012,OS2,25,UPLINK,,ACTIVE
PB-DC-002-CBL-0013,PHYSICAL,PB-DC-002-PE-T4-13:xe-0/0/0,PB-DC-002-ODF-01:F13,PB-DC-002-CBL-0013,OS2,25,UPLINK,,ACTIVE
PB-DC-002-CBL-0014,PHYSICAL,PB-DC-002-PE-T4-14:xe-0/0/0,PB-DC-002-ODF-01:F14,PB-DC-002-CBL-0014,OS2,25,UPLINK,,ACTIVE
PB-DC-002-CBL-0015,PHYSICAL,PB-DC-002-PE-T4-15:xe-0/0/0,PB-DC-002-ODF-01:F15,PB-DC-002-CBL-0015,OS2,25,UPLINK,,ACTIVE
PB-DC-002-CBL-0016,PHYSICAL,PB-DC-002-PE-T4-16:xe-0/0/0,PB-DC-002-ODF-01:F16,PB-DC-002-CBL-0016,OS2,25,UPLINK,,ACTIVE
PB-DC-002-CBL-0017,PHYSICAL,PB-DC-002-PE-T4-17:xe-0/0/0,PB-DC-002-ODF-01:F17,PB-DC-002-CBL-0017,OS2,25,UPLINK,,ACTIVE
PB-DC-002-CBL-0018,PHYSICAL,PB-DC-002-PE-T4-18:xe-0/0/0,PB-DC-002-ODF-01:F18,PB-DC-002-CBL-0018,OS2,25,UPLINK,,ACTIVE
PB-DC-002-CBL-0019,PHYSICAL,PB-DC-002-PE-T4-19:xe-0/0/0,PB-DC-002-ODF-01:F19,PB-DC-002-CBL-0019,OS2,25,UPLINK,,ACTIVE
PB-DC-002-CBL-0020,PHYSICAL,PB-DC-002-PE-T4-20:xe-0/0/0,PB-DC-002-ODF-01:F20,PB-DC-002-CBL-0020,OS2,25,UPLINK,,ACTIVE
PB-DC-002-CBL-0021,PHYSICAL,PB-DC-002-PE-T4-21:xe-0/0/0,PB-DC-002-ODF-01:F21,PB-DC-002-CBL-0021,OS2,25,UPLINK,,ACTIVE
PB-DC-002-CBL-0022,PHYSICAL,PB-DC-002-PE-T4-22:xe-0/0/0,PB-DC-002-ODF-01:F22,PB-DC-002-CBL-0022,OS2,25,UPLINK,,ACTIVE
PB-DC-002-CBL-0023,PHYSICAL,PB-DC-002-PE-T4-23:xe-0/0/0,PB-DC-002-ODF-01:F23,PB-DC-002-CBL-0023,OS2,25,UPLINK,,ACTIVE
PB-DC-002-CBL-0024,PHYSICAL,PB-DC-002-PE-T4-24:xe-0/0/0,PB-DC-002-ODF-01:F24,PB-DC-002-CBL-0024,OS2,25,UPLINK,,ACTIVE
PB-DC-002-CBL-0025,PHYSICAL,PB-DC-002-PE-T4-25:xe-0/0/0,PB-DC-002-ODF-01:F25,PB-DC-002-CBL-0025,OS2,25,UPLINK,,ACTIVE
PB-DC-002-CBL-0026,PHYSICAL,PB-DC-002-PE-T4-26:xe-0/0/0,PB-DC-002-ODF-01:F26,PB-DC-002-CBL-0026,OS2,25,UPLINK,,ACTIVE
PB-DC-002-CBL-0027,PHYSICAL,PB-DC-002-PE-T4-27:xe-0/0/0,PB-DC-002-ODF-01:F27,PB-DC-002-CBL-0027,OS2,25,UPLINK,,ACTIVE
PB-DC-002-CBL-0028,PHYSICAL,PB-DC-002-PE-T4-28:xe-0/0/0,PB-DC-002-ODF-01:F28,PB-DC-002-CBL-0028,OS2,25,UPLINK,,ACTIVE
PB-DC-002-CBL-0029,PHYSICAL,PB-DC-002-PE-T4-29:xe-0/0/0,PB-DC-002-ODF-01:F29,PB-DC-002-CBL-0029,OS2,25,UPLINK,,ACTIVE
PB-DC-002-CBL-0030,PHYSICAL,PB-DC-002-PE-T4-30:xe-0/0/0,PB-DC-002-ODF-01:F30,PB-DC-002-CBL-0030,OS2,25,UPLINK,,ACTIVE
PB-DC-002-CBL-0031,PHYSICAL,PB-DC-002-PE-T4-31:xe-0/0/0,PB-DC-002-ODF-01:F31,PB-DC-002-CBL-0031,OS2,25,UPLINK,,ACTIVE
PB-DC-002-CBL-0032,PHYSICAL,PB-DC-002-PE-T4-32:xe-0/0/0,PB-DC-002-ODF-01:F32,PB-DC-002-CBL-0032,OS2,25,UPLINK,,ACTIVE
PB-DC-002-CBL-0033,PHYSICAL,PB-DC-002-PE-T4-33:xe-0/0/0,PB-DC-002-ODF-01:F33,PB-DC-002-CBL-0033,OS2,25,UPLINK,,ACTIVE
PB-DC-002-CBL-0034,PHYSICAL,PB-DC-002-PE-T4-34:xe-0/0/0,PB-DC-002-ODF-01:F34,PB-DC-002-CBL-0034,OS2,25,UPLINK,,ACTIVE
PB-DC-002-CBL-0035,PHYSICAL,PB-DC-002-PE-T4-35:xe-0/0/0,PB-DC-002-ODF-01:F35,PB-DC-002-CBL-0035,OS2,25,UPLINK,,ACTIVE
PB-DC-002-CBL-0036,PHYSICAL,PB-DC-002-PE-T4-36:xe-0/0/0,PB-DC-002-ODF-01:F36,PB-DC-002-CBL-0036,OS2,25,UPLINK,,ACTIVE
PB-DC-002-CBL-0037,PHYSICAL,PB-DC-002-PE-T4-37:xe-0/0/0,PB-DC-002-ODF-01:F37,PB-DC-002-CBL-0037,OS2,25,UPLINK,,ACTIVE
PB-DC-002-CBL-0038,PHYSICAL,PB-DC-002-PE-T4-38:xe-0/0/0,PB-DC-002-ODF-01:F38,PB-DC-002-CBL-0038,OS2,25,UPLINK,,ACTIVE
PB-DC-002-CBL-0039,PHYSICAL,PB-DC-002-PE-T4-39:xe-0/0/0,PB-DC-002-ODF-01:F39,PB-DC-002-CBL-0039,OS2,25,UPLINK,,ACTIVE
PB-DC-002-CBL-0040,PHYSICAL,PB-DC-002-PE-T4-40:xe-0/0/0,PB-DC-002-ODF-01:F40,PB-DC-002-CBL-0040,OS2,25,UPLINK,,ACTIVE
PB-DC-002-CBL-0041,PHYSICAL,PB-DC-002-PE-T4-41:xe-0/0/0,PB-DC-002-ODF-01:F41,PB-DC-002-CBL-0041,OS2,25,UPLINK,,ACTIVE
PB-DC-002-CBL-0042,PHYSICAL,PB-DC-002-PE-T4-42:xe-0/0/0,PB-DC-002-ODF-01:F42,PB-DC-002-CBL-0042,OS2,25,UPLINK,,ACTIVE
PB-DC-002-CBL-0043,PHYSICAL,PB-DC-002-PE-T4-43:xe-0/0/0,PB-DC-002-ODF-01:F43,PB-DC-002-CBL-0043,OS2,25,UPLINK,,ACTIVE
PB-DC-002-CBL-0044,PHYSICAL,PB-DC-002-PE-T4-44:xe-0/0/0,PB-DC-002-ODF-01:F44,PB-DC-002-CBL-0044,OS2,25,UPLINK,,ACTIVE
PB-DC-002-CBL-0045,PHYSICAL,PB-DC-002-PE-T4-45:xe-0/0/0,PB-DC-002-ODF-01:F45,PB-DC-002-CBL-0045,OS2,25,UPLINK,,ACTIVE
PB-DC-002-CBL-0046,PHYSICAL,PB-DC-002-PE-T4-46:xe-0/0/0,PB-DC-002-ODF-01:F46,PB-DC-002-CBL-0046,OS2,25,UPLINK,,ACTIVE
PB-DC-002-CBL-0047,PHYSICAL,PB-DC-002-PE-T4-47:xe-0/0/0,PB-DC-002-ODF-01:F47,PB-DC-002-CBL-0047,OS2,25,UPLINK,,ACTIVE
PB-DC-002-CBL-0048,PHYSICAL,PB-DC-002-PE-T4-48:xe-0/0/0,PB-DC-002-ODF-01:F48,PB-DC-002-CBL-0048,OS2,25,UPLINK,,ACTIVE
PB-DC-002-CBL-0049,PHYSICAL,PB-DC-002-PE-T4-49:xe-0/0/0,PB-DC-002-ODF-02:F01,PB-DC-002-CBL-0049,OS2,25,UPLINK,,ACTIVE
PB-DC-002-CBL-0050,PHYSICAL,PB-DC-002-PE-T4-50:xe-0/0/0,PB-DC-002-ODF-02:F02,PB-DC-002-CBL-0050,OS2,25,UPLINK,,ACTIVE
PB-DC-002-CBL-0051,PHYSICAL,PB-DC-002-PE-T4-51:xe-0/0/0,PB-DC-002-ODF-02:F03,PB-DC-002-CBL-0051,OS2,25,UPLINK,,ACTIVE
PB-DC-002-CBL-0052,PHYSICAL,PB-DC-002-PE-T4-52:xe-0/0/0,PB-DC-002-ODF-02:F04,PB-DC-002-CBL-0052,OS2,25,UPLINK,,ACTIVE
PB-DC-002-CBL-0053,PHYSICAL,PB-DC-002-PE-T4-53:xe-0/0/0,PB-DC-002-ODF-02:F05,PB-DC-002-CBL-0053,OS2,25,UPLINK,,ACTIVE
PB-DC-002-CBL-0054,PHYSICAL,PB-DC-002-PE-T4-54:xe-0/0/0,PB-DC-002-ODF-02:F06,PB-DC-002-CBL-0054,OS2,25,UPLINK,,ACTIVE
PB-DC-002-CBL-0055,PHYSICAL,PB-DC-002-PE-T4-55:xe-0/0/0,PB-DC-002-ODF-02:F07,PB-DC-002-CBL-0055,OS2,25,UPLINK,,ACTIVE
PB-DC-002-CBL-0056,PHYSICAL,PB-DC-002-PE-T4-56:xe-0/0/0,PB-DC-002-ODF-02:F08,PB-DC-002-CBL-0056,OS2,25,UPLINK,,ACTIVE
PB-DC-002-CBL-0057,PHYSICAL,PB-DC-002-PE-T4-57:xe-0/0/0,PB-DC-002-ODF-02:F09,PB-DC-002-CBL-0057,OS2,25,UPLINK,,ACTIVE
PB-DC-002-CBL-0058,PHYSICAL,PB-DC-002-PE-T4-58:xe-0/0/0,PB-DC-002-ODF-02:F10,PB-DC-002-CBL-0058,OS2,25,UPLINK,,ACTIVE
PB-DC-002-CBL-0059,PHYSICAL,PB-DC-002-PE-T4-59:xe-0/0/0,PB-DC-002-ODF-02:F11,PB-DC-002-CBL-0059,OS2,25,UPLINK,,ACTIVE
PB-DC-002-CBL-0060,PHYSICAL,PB-DC-002-PE-T4-60:xe-0/0/0,PB-DC-002-ODF-02:F12,PB-DC-002-CBL-0060,OS2,25,UPLINK,,ACTIVE
PB-DC-002-CBL-0061,PHYSICAL,PB-DC-002-PE-T4-61:xe-0/0/0,PB-DC-002-ODF-02:F13,PB-DC-002-CBL-0061,OS2,25,UPLINK,,ACTIVE
PB-DC-002-CBL-0062,PHYSICAL,PB-DC-002-PE-T4-62:xe-0/0/0,PB-DC-002-ODF-02:F14,PB-DC-002-CBL-0062,OS2,25,UPLINK,,ACTIVE
PB-DC-002-CBL-0063,PHYSICAL,PB-DC-002-PE-T4-63:xe-0/0/0,PB-DC-002-ODF-02:F15,PB-DC-002-CBL-0063,OS2,25,UPLINK,,ACTIVE
PB-DC-002-CBL-0064,PHYSICAL,PB-DC-002-PE-T4-64:xe-0/0/0,PB-DC-002-ODF-02:F16,PB-DC-002-CBL-0064,OS2,25,UPLINK,,ACTIVE
PB-DC-002-CBL-0065,PHYSICAL,PB-DC-002-PE-T4-65:xe-0/0/0,PB-DC-002-ODF-02:F17,PB-DC-002-CBL-0065,OS2,25,UPLINK,,ACTIVE
PB-DC-002-CBL-0066,PHYSICAL,PB-DC-002-PE-T4-66:xe-0/0/0,PB-DC-002-ODF-02:F18,PB-DC-002-CBL-0066,OS2,25,UPLINK,,ACTIVE
PB-DC-002-CBL-0067,PHYSICAL,PB-DC-002-PE-T4-67:xe-0/0/0,PB-DC-002-ODF-02:F19,PB-DC-002-CBL-0067,OS2,25,UPLINK,,ACTIVE
PB-DC-002-CBL-0068,PHYSICAL,PB-DC-002-PE-T4-68:xe-0/0/0,PB-DC-002-ODF-02:F20,PB-DC-002-CBL-0068,OS2,25,UPLINK,,ACTIVE
PB-DC-002-CBL-0069,PHYSICAL,PB-DC-002-PE-T4-69:xe-0/0/0,PB-DC-002-ODF-02:F21,PB-DC-002-CBL-0069,OS2,25,UPLINK,,ACTIVE
PB-DC-002-CBL-0070,PHYSICAL,PB-DC-002-PE-T4-70:xe-0/0/0,PB-DC-002-ODF-02:F22,PB-DC-002-CBL-0070,OS2,25,UPLINK,,ACTIVE
PB-DC-002-CBL-0071,PHYSICAL,PB-DC-002-PE-T4-71:xe-0/0/0,PB-DC-002-ODF-02:F23,PB-DC-002-CBL-0071,OS2,25,UPLINK,,ACTIVE
PB-DC-002-CBL-0072,PHYSICAL,PB-DC-002-PE-T4-72:xe-0/0/0,PB-DC-002-ODF-02:F24,PB-DC-002-CBL-0072,OS2,25,UPLINK,,ACTIVE
PB-DC-002-CBL-0073,PHYSICAL,PB-DC-002-PE-T4-73:xe-0/0/0,PB-DC-002-ODF-02:F25,PB-DC-002-CBL-0073,OS2,25,UPLINK,,ACTIVE
PB-DC-002-CBL-0074,PHYSICAL,PB-DC-002-PE-T4-74:xe-0/0/0,PB-DC-002-ODF-02:F26,PB-DC-002-CBL-0074,OS2,25,UPLINK,,ACTIVE
PB-DC-002-CBL-0075,PHYSICAL,PB-DC-002-PE-T4-75:xe-0/0/0,PB-DC-002-ODF-02:F27,PB-DC-002-CBL-0075,OS2,25,UPLINK,,ACTIVE
PB-DC-002-CBL-0076,PHYSICAL,PB-DC-002-PE-T4-76:xe-0/0/0,PB-DC-002-ODF-02:F28,PB-DC-002-CBL-0076,OS2,25,UPLINK,,ACTIVE
PB-DC-002-CBL-0077,PHYSICAL,PB-DC-002-PE-T4-77:xe-0/0/0,PB-DC-002-ODF-02:F29,PB-DC-002-CBL-0077,OS2,25,UPLINK,,ACTIVE
PB-DC-002-CBL-0078,PHYSICAL,PB-DC-002-PE-T4-78:xe-0/0/0,PB-DC-002-ODF-02:F30,PB-DC-002-CBL-0078,OS2,25,UPLINK,,ACTIVE
PB-DC-002-CBL-0079,PHYSICAL,PB-DC-002-PE-T4-79:xe-0/0/0,PB-DC-002-ODF-02:F31,PB-DC-002-CBL-0079,OS2,25,UPLINK,,ACTIVE
PB-DC-002-CBL-0080,PHYSICAL,PB-DC-002-PE-T4-80:xe-0/0/0,PB-DC-002-ODF-02:F32,PB-DC-002-CBL-0080,OS2,25,UPLINK,,ACTIVE
PB-DC-002-CBL-0081,PHYSICAL,PB-DC-002-T-CHR-01:Gi1/0/49,PB-DC-002-PE-T4-01:xe-0/0/1,PB-DC-002-CBL-0081,OM4,8,UPLINK,PB-DC-002-T-CHR-01-UP,ACTIVE
PB-DC-002-LLDP-001,LOGICAL,PB-DC-002-T-CHR-01:Gi1/0/49,PB-DC-002-PE-T4-01:xe-0/0/1,,,,UPLINK,,ACTIVE
PB-DC-002-CBL-0082,PHYSICAL,PB-DC-002-T-CHR-02:Gi1/0/49,PB-DC-002-PE-T4-02:xe-0/0/1,PB-DC-002-CBL-0082,OM4,8,UPLINK,PB-DC-002-T-CHR-02-UP,ACTIVE
PB-DC-002-LLDP-002,LOGICAL,PB-DC-002-T-CHR-02:Gi1/0/49,PB-DC-002-PE-T4-02:xe-0/0/1,,,,UPLINK,,ACTIVE
PB-DC-002-CBL-0083,PHYSICAL,PB-DC-002-T-CHR-03:Gi1/0/49,PB-DC-002-PE-T4-03:xe-0/0/1,PB-DC-002-CBL-0083,OM4,8,UPLINK,PB-DC-002-T-CHR-03-UP,ACTIVE
PB-DC-002-LLDP-003,LOGICAL,PB-DC-002-T-CHR-03:Gi1/0/49,PB-DC-002-PE-T4-03:xe-0/0/1,,,,UPLINK,,ACTIVE
PB-DC-002-CBL-0084,PHYSICAL,PB-DC-002-T-CHR-04:Gi1/0/49,PB-DC-002-PE-T4-04:xe-0/0/1,PB-DC-002-CBL-0084,OM4,8,UPLINK,PB-DC-002-T-CHR-04-UP,ACTIVE
PB-DC-002-LLDP-004,LOGICAL,PB-DC-002-T-CHR-04:Gi1/0/49,PB-DC-002-PE-T4-04:xe-0/0/1,,,,UPLINK,,ACTIVE
PB-DC-002-CBL-0085,PHYSICAL,PB-DC-002-T-CHR-05:Gi1/0/49,PB-DC-002-PE-T4-05:xe-0/0/1,PB-DC-002-CBL-0085,OM4,8,UPLINK,PB-DC-002-T-CHR-05-UP,ACTIVE
PB-DC-002-LLDP-005,LOGICAL,PB-DC-002-T-CHR-05:Gi1/0/49,PB-DC-002-PE-T4-05:xe-0/0/1,,,,UPLINK,,ACTIVE
PB-DC-002-CBL-0086,PHYSICAL,PB-DC-002-T-CHR-06:Gi1/0/49,PB-DC-002-PE-T4-06:xe-0/0/1,PB-DC-002-CBL-0086,OM4,8,UPLINK,PB-DC-002-T-CHR-06-UP,ACTIVE
PB-DC-002-LLDP-006,LOGICAL,PB-DC-002-T-CHR-06:Gi1/0/49,PB-DC-002-PE-T4-06:xe-0/0/1,,,,UPLINK,,ACTIVE
PB-DC-002-CBL-0087,PHYSICAL,PB-DC-002-T-CHR-07:Gi1/0/49,PB-DC-002-PE-T4-07:xe-0/0/1,PB-DC-002-CBL-0087,OM4,8,UPLINK,PB-DC-002-T-CHR-07-UP,ACTIVE
PB-DC-002-LLDP-007,LOGICAL,PB-DC-002-T-CHR-07:Gi1/0/49,PB-DC-002-PE-T4-07:xe-0/0/1,,,,UPLINK,,ACTIVE
PB-DC-002-CBL-0088,PHYSICAL,PB-DC-002-T-CHR-08:Gi1/0/49,PB-DC-002-PE-T4-08:xe-0/0/1,PB-DC-002-CBL-0088,OM4,8,UPLINK,PB-DC-002-T-CHR-08-UP,ACTIVE
PB-DC-002-LLDP-008,LOGICAL,PB-DC-002-T-CHR-08:Gi1/0/49,PB-DC-002-PE-T4-08:xe-0/0/1,,,,UPLINK,,ACTIVE
PB-DC-002-CBL-0089,PHYSICAL,PB-DC-002-T-CHR-09:Gi1/0/49,PB-DC-002-PE-T4-09:xe-0/0/1,PB-DC-002-CBL-0089,OM4,8,UPLINK,PB-DC-002-T-CHR-09-UP,ACTIVE
PB-DC-002-LLDP-009,LOGICAL,PB-DC-002-T-CHR-09:Gi1/0/49,PB-DC-002-PE-T4-09:xe-0/0/1,,,,UPLINK,,ACTIVE
PB-DC-002-CBL-0090,PHYSICAL,PB-DC-002-T-CHR-10:Gi1/0/49,PB-DC-002-PE-T4-10:xe-0/0/1,PB-DC-002-CBL-0090,OM4,8,UPLINK,PB-DC-002-T-CHR-10-UP,ACTIVE
PB-DC-002-LLDP-010,LOGICAL,PB-DC-002-T-CHR-10:Gi1/0/49,PB-DC-002-PE-T4-10:xe-0/0/1,,,,UPLINK,,ACTIVE
PB-DC-002-CBL-0091,PHYSICAL,PB-DC-002-T-CHR-11:Gi1/0/49,PB-DC-002-PE-T4-11:xe-0/0/1,PB-DC-002-CBL-0091,OM4,8,UPLINK,PB-DC-002-T-CHR-11-UP,ACTIVE
PB-DC-002-LLDP-011,LOGICAL,PB-DC-002-T-CHR-11:Gi1/0/49,PB-DC-002-PE-T4-11:xe-0/0/1,,,,UPLINK,,ACTIVE
PB-DC-002-CBL-0092,PHYSICAL,PB-DC-002-T-CHR-12:Gi1/0/49,PB-DC-002-PE-T4-12:xe-0/0/1,PB-DC-002-CBL-0092,OM4,8,UPLINK,PB-DC-002-T-CHR-12-UP,ACTIVE
PB-DC-002-LLDP-012,LOGICAL,PB-DC-002-T-CHR-12:Gi1/0/49,PB-DC-002-PE-T4-12:xe-0/0/1,,,,UPLINK,,ACTIVE
PB-DC-002-CBL-0093,PHYSICAL,PB-DC-002-T-CHR-13:Gi1/0/49,PB-DC-002-PE-T4-13:xe-0/0/1,PB-DC-002-CBL-0093,OM4,8,UPLINK,PB-DC-002-T-CHR-13-UP,ACTIVE
PB-DC-002-LLDP-013,LOGICAL,PB-DC-002-T-CHR-13:Gi1/0/49,PB-DC-002-PE-T4-13:xe-0/0/1,,,,UPLINK,,ACTIVE
PB-DC-002-CBL-0094,PHYSICAL,PB-DC-002-T-CHR-14:Gi1/0/49,PB-DC-002-PE-T4-14:xe-0/0/1,PB-DC-002-CBL-0094,OM4,8,UPLINK,PB-DC-002-T-CHR-14-UP,ACTIVE
PB-DC-002-LLDP-014,LOGICAL,PB-DC-002-T-CHR-14:Gi1/0/49,PB-DC-002-PE-T4-14:xe-0/0/1,,,,UPLINK,,ACTIVE
PB-DC-002-CBL-0095,PHYSICAL,PB-DC-002-T-CHR-15:Gi1/0/49,PB-DC-002-PE-T4-15:xe-0/0/1,PB-DC-002-CBL-0095,OM4,8,UPLINK,PB-DC-002-T-CHR-15-UP,ACTIVE
PB-DC-002-LLDP-015,LOGICAL,PB-DC-002-T-CHR-15:Gi1/0/49,PB-DC-002-PE-T4-15:xe-0/0/1,,,,UPLINK,,ACTIVE
PB-DC-002-CBL-0096,PHYSICAL,PB-DC-002-T-CHR-16:Gi1/0/49,PB-DC-002-PE-T4-16:xe-0/0/1,PB-DC-002-CBL-0096,OM4,8,UPLINK,PB-DC-002-T-CHR-16-UP,ACTIVE
PB-DC-002-LLDP-016,LOGICAL,PB-DC-002-T-CHR-16:Gi1/0/49,PB-DC-002-PE-T4-16:xe-0/0/1,,,,UPLINK,,ACTIVE
PB-DC-002-CBL-0097,PHYSICAL,PB-DC-002-T-CHR-17:Gi1/0/49,PB-DC-002-PE-T4-17:xe-0/0/1,PB-DC-002-CBL-0097,OM4,8,UPLINK,PB-DC-002-T-CHR-17-UP,ACTIVE
PB-DC-002-LLDP-017,LOGICAL,PB-DC-002-T-CHR-17:Gi1/0/49,PB-DC-002-PE-T4-17:xe-0/0/1,,,,UPLINK,,ACTIVE
PB-DC-002-CBL-0098,PHYSICAL,PB-DC-002-T-CHR-18:Gi1/0/49,PB-DC-002-PE-T4-18:xe-0/0/1,PB-DC-002-CBL-0098,OM4,8,UPLINK,PB-DC-002-T-CHR-18-UP,ACTIVE
PB-DC-002-LLDP-018,LOGICAL,PB-DC-002-T-CHR-18:Gi1/0/49,PB-DC-002-PE-T4-18:xe-0/0/1,,,,UPLINK,,ACTIVE
PB-DC-002-CBL-0099,PHYSICAL,PB-DC-002-T-CHR-19:Gi1/0/49,PB-DC-002-PE-T4-19:xe-0/0/1,PB-DC-002-CBL-0099,OM4,8,UPLINK,PB-DC-002-T-CHR-19-UP,ACTIVE
PB-DC-002-LLDP-019,LOGICAL,PB-DC-002-T-CHR-19:Gi1/0/49,PB-DC-002-PE-T4-19:xe-0/0/1,,,,UPLINK,,ACTIVE
PB-DC-002-CBL-0100,PHYSICAL,PB-DC-002-T-CHR-20:Gi1/0/49,PB-DC-002-PE-T4-20:xe-0/0/1,PB-DC-002-CBL-0100,OM4,8,UPLINK,PB-DC-002-T-CHR-20-UP,ACTIVE
PB-DC-002-LLDP-020,LOGICAL,PB-DC-002-T-CHR-20:Gi1/0/49,PB-DC-002-PE-T4-20:xe-0/0/1,,,,UPLINK,,ACTIVE
PB-DC-002-CBL-0101,PHYSICAL,PB-DC-002-T-CHR-21:Gi1/0/49,PB-DC-002-PE-T4-21:xe-0/0/1,PB-DC-002-CBL-0101,OM4,8,UPLINK,PB-DC-002-T-CHR-21-UP,ACTIVE
PB-DC-002-LLDP-021,LOGICAL,PB-DC-002-T-CHR-21:Gi1/0/49,PB-DC-002-PE-T4-21:xe-0/0/1,,,,UPLINK,,ACTIVE
PB-DC-002-CBL-0102,PHYSICAL,PB-DC-002-T-CHR-22:Gi1/0/49,PB-DC-002-PE-T4-22:xe-0/0/1,PB-DC-002-CBL-0102,OM4,8,UPLINK,PB-DC-002-T-CHR-22-UP,ACTIVE
PB-DC-002-LLDP-022,LOGICAL,PB-DC-002-T-CHR-22:Gi1/0/49,PB-DC-002-PE-T4-22:xe-0/0/1,,,,UPLINK,,ACTIVE
PB-DC-002-CBL-0103,PHYSICAL,PB-DC-002-T-CHR-23:Gi1/0/49,PB-DC-002-PE-T4-23:xe-0/0/1,PB-DC-002-CBL-0103,OM4,8,UPLINK,PB-DC-002-T-CHR-23-UP,ACTIVE
PB-DC-002-LLDP-023,LOGICAL,PB-DC-002-T-CHR-23:Gi1/0/49,PB-DC-002-PE-T4-23:xe-0/0/1,,,,UPLINK,,ACTIVE
PB-DC-002-CBL-0104,PHYSICAL,PB-DC-002-T-CHR-24:Gi1/0/49,PB-DC-002-PE-T4-24:xe-0/0/1,PB-DC-002-CBL-0104,OM4,8,UPLINK,PB-DC-002-T-CHR-24-UP,ACTIVE
PB-DC-002-LLDP-024,LOGICAL,PB-DC-002-T-CHR-24:Gi1/0/49,PB-DC-002-PE-T4-24:xe-0/0/1,,,,UPLINK,,ACTIVE
PB-DC-002-CBL-0105,PHYSICAL,PB-DC-002-T-CHR-25:Gi1/0/49,PB-DC-002-PE-T4-25:xe-0/0/1,PB-DC-002-CBL-0105,OM4,8,UPLINK,PB-DC-002-T-CHR-25-UP,ACTIVE
PB-DC-002-LLDP-025,LOGICAL,PB-DC-002-T-CHR-25:Gi1/0/49,PB-DC-002-PE-T4-25:xe-0/0/1,,,,UPLINK,,ACTIVE
PB-DC-002-CBL-0106,PHYSICAL,PB-DC-002-T-CHR-26:Gi1/0/49,PB-DC-002-PE-T4-26:xe-0/0/1,PB-DC-002-CBL-0106,OM4,8,UPLINK,PB-DC-002-T-CHR-26-UP,ACTIVE
PB-DC-002-LLDP-026,LOGICAL,PB-DC-002-T-CHR-26:Gi1/0/49,PB-DC-002-PE-T4-26:xe-0/0/1,,,,UPLINK,,ACTIVE
PB-DC-002-CBL-0107,PHYSICAL,PB-DC-002-T-CHR-27:Gi1/0/49,PB-DC-002-PE-T4-27:xe-0/0/1,PB-DC-002-CBL-0107,OM4,8,UPLINK,PB-DC-002-T-CHR-27-UP,ACTIVE
PB-DC-002-LLDP-027,LOGICAL,PB-DC-002-T-CHR-27:Gi1/0/49,PB-DC-002-PE-T4-27:xe-0/0/1,,,,UPLINK,,ACTIVE
PB-DC-002-CBL-0108,PHYSICAL,PB-DC-002-T-CHR-28:Gi1/0/49,PB-DC-002-PE-T4-28:xe-0/0/1,PB-DC-002-CBL-0108,OM4,8,UPLINK,PB-DC-002-T-CHR-28-UP,ACTIVE
PB-DC-002-LLDP-028,LOGICAL,PB-DC-002-T-CHR-28:Gi1/0/49,PB-DC-002-PE-T4-28:xe-0/0/1,,,,UPLINK,,ACTIVE
PB-DC-002-CBL-0109,PHYSICAL,PB-DC-002-T-CHR-29:Gi1/0/49,PB-DC-002-PE-T4-29:xe-0/0/1,PB-DC-002-CBL-0109,OM4,8,UPLINK,PB-DC-002-T-CHR-29-UP,ACTIVE
PB-DC-002-LLDP-029,LOGICAL,PB-DC-002-T-CHR-29:Gi1/0/49,PB-DC-002-PE-T4-29:xe-0/0/1,,,,UPLINK,,ACTIVE
PB-DC-002-CBL-0110,PHYSICAL,PB-DC-002-T-CHR-30:Gi1/0/49,PB-DC-002-PE-T4-30:xe-0/0/1,PB-DC-002-CBL-0110,OM4,8,UPLINK,PB-DC-002-T-CHR-30-UP,ACTIVE
PB-DC-002-LLDP-030,LOGICAL,PB-DC-002-T-CHR-30:Gi1/0/49,PB-DC-002-PE-T4-30:xe-0/0/1,,,,UPLINK,,ACTIVE
PB-DC-002-CBL-0111,PHYSICAL,PB-DC-002-T-CHR-31:Gi1/0/49,PB-DC-002-PE-T4-31:xe-0/0/1,PB-DC-002-CBL-0111,OM4,8,UPLINK,PB-DC-002-T-CHR-31-UP,ACTIVE
PB-DC-002-LLDP-031,LOGICAL,PB-DC-002-T-CHR-31:Gi1/0/49,PB-DC-002-PE-T4-31:xe-0/0/1,,,,UPLINK,,ACTIVE
PB-DC-002-CBL-0112,PHYSICAL,PB-DC-002-T-CHR-32:Gi1/0/49,PB-DC-002-PE-T4-32:xe-0/0/1,PB-DC-002-CBL-0112,OM4,8,UPLINK,PB-DC-002-T-CHR-32-UP,ACTIVE
PB-DC-002-LLDP-032,LOGICAL,PB-DC-002-T-CHR-32:Gi1/0/49,PB-DC-002-PE-T4-32:xe-0/0/1,,,,UPLINK,,ACTIVE
PB-DC-002-CBL-0113,PHYSICAL,PB-DC-002-T-CHR-33:Gi1/0/49,PB-DC-002-PE-T4-33:xe-0/0/1,PB-DC-002-CBL-0113,OM4,8,UPLINK,PB-DC-002-T-CHR-33-UP,ACTIVE
PB-DC-002-LLDP-033,LOGICAL,PB-DC-002-T-CHR-33:Gi1/0/49,PB-DC-002-PE-T4-33:xe-0/0/1,,,,UPLINK,,ACTIVE
PB-DC-002-CBL-0114,PHYSICAL,PB-DC-002-T-CHR-34:Gi1/0/49,PB-DC-002-PE-T4-34:xe-0/0/1,PB-DC-002-CBL-0114,OM4,8,UPLINK,PB-DC-002-T-CHR-34-UP,ACTIVE
PB-DC-002-LLDP-034,LOGICAL,PB-DC-002-T-CHR-34:Gi1/0/49,PB-DC-002-PE-T4-34:xe-0/0/1,,,,UPLINK,,ACTIVE
PB-DC-002-CBL-0115,PHYSICAL,PB-DC-002-T-CHR-35:Gi1/0/49,PB-DC-002-PE-T4-35:xe-0/0/1,PB-DC-002-CBL-0115,OM4,8,UPLINK,PB-DC-002-T-CHR-35-UP,ACTIVE
PB-DC-002-LLDP-035,LOGICAL,PB-DC-002-T-CHR-35:Gi1/0/49,PB-DC-002-PE-T4-35:xe-0/0/1,,,,UPLINK,,ACTIVE
PB-DC-002-CBL-0116,PHYSICAL,PB-DC-002-T-CHR-36:Gi1/0/49,PB-DC-002-PE-T4-36:xe-0/0/1,PB-DC-002-CBL-0116,OM4,8,UPLINK,PB-DC-002-T-CHR-36-UP,ACTIVE
PB-DC-002-LLDP-036,LOGICAL,PB-DC-002-T-CHR-36:Gi1/0/49,PB-DC-002-PE-T4-36:xe-0/0/1,,,,UPLINK,,ACTIVE
PB-DC-002-CBL-0117,PHYSICAL,PB-DC-002-T-CHR-37:Gi1/0/49,PB-DC-002-PE-T4-37:xe-0/0/1,PB-DC-002-CBL-0117,OM4,8,UPLINK,PB-DC-002-T-CHR-37-UP,ACTIVE
PB-DC-002-LLDP-037,LOGICAL,PB-DC-002-T-CHR-37:Gi1/0/49,PB-DC-002-PE-T4-37:xe-0/0/1,,,,UPLINK,,ACTIVE
PB-DC-002-CBL-0118,PHYSICAL,PB-DC-002-T-CHR-38:Gi1/0/49,PB-DC-002-PE-T4-38:xe-0/0/1,PB-DC-002-CBL-0118,OM4,8,UPLINK,PB-DC-002-T-CHR-38-UP,ACTIVE
PB-DC-002-LLDP-038,LOGICAL,PB-DC-002-T-CHR-38:Gi1/0/49,PB-DC-002-PE-T4-38:xe-0/0/1,,,,UPLINK,,ACTIVE
PB-DC-002-CBL-0119,PHYSICAL,PB-DC-002-T-CHR-39:Gi1/0/49,PB-DC-002-PE-T4-39:xe-0/0/1,PB-DC-002-CBL-0119,OM4,8,UPLINK,PB-DC-002-T-CHR-39-UP,ACTIVE
PB-DC-002-LLDP-039,LOGICAL,PB-DC-002-T-CHR-39:Gi1/0/49,PB-DC-002-PE-T4-39:xe-0/0/1,,,,UPLINK,,ACTIVE
PB-DC-002-CBL-0120,PHYSICAL,PB-DC-002-T-CHR-40:Gi1/0/49,PB-DC-002-PE-T4-40:xe-0/0/1,PB-DC-002-CBL-0120,OM4,8,UPLINK,PB-DC-002-T-CHR-40-UP,ACTIVE
PB-DC-002-LLDP-040,LOGICAL,PB-DC-002-T-CHR-40:Gi1/0/49,PB-DC-002-PE-T4-40:xe-0/0/1,,,,UPLINK,,ACTIVE
PB-DC-002-CBL-0121,PHYSICAL,PB-DC-002-T-CHR-41:Gi1/0/49,PB-DC-002-PE-T4-41:xe-0/0/1,PB-DC-002-CBL-0121,OM4,8,UPLINK,PB-DC-002-T-CHR-41-UP,ACTIVE
PB-DC-002-LLDP-041,LOGICAL,PB-DC-002-T-CHR-41:Gi1/0/49,PB-DC-002-PE-T4-41:xe-0/0/1,,,,UPLINK,,ACTIVE
PB-DC-002-CBL-0122,PHYSICAL,PB-DC-002-T-CHR-42:Gi1/0/49,PB-DC-002-PE-T4-42:xe-0/0/1,PB-DC-002-CBL-0122,OM4,8,UPLINK,PB-DC-002-T-CHR-42-UP,ACTIVE
PB-DC-002-LLDP-042,LOGICAL,PB-DC-002-T-CHR-42:Gi1/0/49,PB-DC-002-PE-T4-42:xe-0/0/1,,,,UPLINK,,ACTIVE
PB-DC-002-CBL-0123,PHYSICAL,PB-DC-002-T-CHR-43:Gi1/0/49,PB-DC-002-PE-T4-43:xe-0/0/1,PB-DC-002-CBL-0123,OM4,8,UPLINK,PB-DC-002-T-CHR-43-UP,ACTIVE
PB-DC-002-LLDP-043,LOGICAL,PB-DC-002-T-CHR-43:Gi1/0/49,PB-DC-002-PE-T4-43:xe-0/0/1,,,,UPLINK,,ACTIVE
PB-DC-002-CBL-0124,PHYSICAL,PB-DC-002-T-CHR-44:Gi1/0/49,PB-DC-002-PE-T4-44:xe-0/0/1,PB-DC-002-CBL-0124,OM4,8,UPLINK,PB-DC-002-T-CHR-44-UP,ACTIVE
PB-DC-002-LLDP-044,LOGICAL,PB-DC-002-T-CHR-44:Gi1/0/49,PB-DC-002-PE-T4-44:xe-0/0/1,,,,UPLINK,,ACTIVE
PB-DC-002-CBL-0125,PHYSICAL,PB-DC-002-T-CHR-45:Gi1/0/49,PB-DC-002-PE-T4-45:xe-0/0/1,PB-DC-002-CBL-0125,OM4,8,UPLINK,PB-DC-002-T-CHR-45-UP,ACTIVE
PB-DC-002-LLDP-045,LOGICAL,PB-DC-002-T-CHR-45:Gi1/0/49,PB-DC-002-PE-T4-45:xe-0/0/1,,,,UPLINK,,ACTIVE
PB-DC-002-CBL-0126,PHYSICAL,PB-DC-002-T-CHR-46:Gi1/0/49,PB-DC-002-PE-T4-46:xe-0/0/1,PB-DC-002-CBL-0126,OM4,8,UPLINK,PB-DC-002-T-CHR-46-UP,ACTIVE
PB-DC-002-LLDP-046,LOGICAL,PB-DC-002-T-CHR-46:Gi1/0/49,PB-DC-002-PE-T4-46:xe-0/0/1,,,,UPLINK,,ACTIVE
PB-DC-002-CBL-0127,PHYSICAL,PB-DC-002-T-CHR-47:Gi1/0/49,PB-DC-002-PE-T4-47:xe-0/0/1,PB-DC-002-CBL-0127,OM4,8,UPLINK,PB-DC-002-T-CHR-47-UP,ACTIVE
PB-DC-002-LLDP-047,LOGICAL,PB-DC-002-T-CHR-47:Gi1/0/49,PB-DC-002-PE-T4-47:xe-0/0/1,,,,UPLINK,,ACTIVE
PB-DC-002-CBL-0128,PHYSICAL,PB-DC-002-T-CHR-48:Gi1/0/49,PB-DC-002-PE-T4-48:xe-0/0/1,PB-DC-002-CBL-0128,OM4,8,UPLINK,PB-DC-002-T-CHR-48-UP,ACTIVE
PB-DC-002-LLDP-048,LOGICAL,PB-DC-002-T-CHR-48:Gi1/0/49,PB-DC-002-PE-T4-48:xe-0/0/1,,,,UPLINK,,ACTIVE
PB-DC-002-CBL-0129,PHYSICAL,PB-DC-002-T-CHR-49:Gi1/0/49,PB-DC-002-PE-T4-49:xe-0/0/1,PB-DC-002-CBL-0129,OM4,8,UPLINK,PB-DC-002-T-CHR-49-UP,ACTIVE
PB-DC-002-LLDP-049,LOGICAL,PB-DC-002-T-CHR-49:Gi1/0/49,PB-DC-002-PE-T4-49:xe-0/0/1,,,,UPLINK,,ACTIVE
PB-DC-002-CBL-0130,PHYSICAL,PB-DC-002-T-CHR-50:Gi1/0/49,PB-DC-002-PE-T4-50:xe-0/0/1,PB-DC-002-CBL-0130,OM4,8,UPLINK,PB-DC-002-T-CHR-50-UP,ACTIVE
PB-DC-002-LLDP-050,LOGICAL,PB-DC-002-T-CHR-50:Gi1/0/49,PB-DC-002-PE-T4-50:xe-0/0/1,,,,UPLINK,,ACTIVE
PB-DC-002-CBL-0131,PHYSICAL,PB-DC-002-T-CHR-51:Gi1/0/49,PB-DC-002-PE-T4-51:xe-0/0/1,PB-DC-002-CBL-0131,OM4,8,UPLINK,PB-DC-002-T-CHR-51-UP,ACTIVE
PB-DC-002-LLDP-051,LOGICAL,PB-DC-002-T-CHR-51:Gi1/0/49,PB-DC-002-PE-T4-51:xe-0/0/1,,,,UPLINK,,ACTIVE
PB-DC-002-CBL-0132,PHYSICAL,PB-DC-002-T-CHR-52:Gi1/0/49,PB-DC-002-PE-T4-52:xe-0/0/1,PB-DC-002-CBL-0132,OM4,8,UPLINK,PB-DC-002-T-CHR-52-UP,ACTIVE
PB-DC-002-LLDP-052,LOGICAL,PB-DC-002-T-CHR-52:Gi1/0/49,PB-DC-002-PE-T4-52:xe-0/0/1,,,,UPLINK,,ACTIVE
PB-DC-002-CBL-0133,PHYSICAL,PB-DC-002-T-CHR-53:Gi1/0/49,PB-DC-002-PE-T4-53:xe-0/0/1,PB-DC-002-CBL-0133,OM4,8,UPLINK,PB-DC-002-T-CHR-53-UP,ACTIVE
PB-DC-002-LLDP-053,LOGICAL,PB-DC-002-T-CHR-53:Gi1/0/49,PB-DC-002-PE-T4-53:xe-0/0/1,,,,UPLINK,,ACTIVE
PB-DC-002-CBL-0134,PHYSICAL,PB-DC-002-T-CHR-54:Gi1/0/49,PB-DC-002-PE-T4-54:xe-0/0/1,PB-DC-002-CBL-0134,OM4,8,UPLINK,PB-DC-002-T-CHR-54-UP,ACTIVE
PB-DC-002-LLDP-054,LOGICAL,PB-DC-002-T-CHR-54:Gi1/0/49,PB-DC-002-PE-T4-54:xe-0/0/1,,,,UPLINK,,ACTIVE
PB-DC-002-CBL-0135,PHYSICAL,PB-DC-002-OADM-100:NE-1,PB-DC-002-ODF-04:F47,PB-DC-002-CBL-0135,OS2,30,UPLINK,,ACTIVE
PB-DC-002-CBL-0136,PHYSICAL,PB-DC-002-OADM-120:NE-1,PB-DC-002-ODF-04:F46,PB-DC-002-CBL-0136,OS2,30,UPLINK,,ACTIVE
PB-DC-003-CBL-0001,PHYSICAL,PB-DC-003-PE-T4-01:xe-0/0/0,PB-DC-003-ODF-01:F01,PB-DC-003-CBL-0001,OS2,25,UPLINK,,ACTIVE
PB-DC-003-CBL-0002,PHYSICAL,PB-DC-003-PE-T4-02:xe-0/0/0,PB-DC-003-ODF-01:F02,PB-DC-003-CBL-0002,OS2,25,UPLINK,,ACTIVE
PB-DC-003-CBL-0003,PHYSICAL,PB-DC-003-PE-T4-03:xe-0/0/0,PB-DC-003-ODF-01:F03,PB-DC-003-CBL-0003,OS2,25,UPLINK,,ACTIVE
PB-DC-003-CBL-0004,PHYSICAL,PB-DC-003-PE-T4-04:xe-0/0/0,PB-DC-003-ODF-01:F04,PB-DC-003-CBL-0004,OS2,25,UPLINK,,ACTIVE
PB-DC-003-CBL-0005,PHYSICAL,PB-DC-003-PE-T4-05:xe-0/0/0,PB-DC-003-ODF-01:F05,PB-DC-003-CBL-0005,OS2,25,UPLINK,,ACTIVE
PB-DC-003-CBL-0006,PHYSICAL,PB-DC-003-PE-T4-06:xe-0/0/0,PB-DC-003-ODF-01:F06,PB-DC-003-CBL-0006,OS2,25,UPLINK,,ACTIVE
PB-DC-003-CBL-0007,PHYSICAL,PB-DC-003-PE-T4-07:xe-0/0/0,PB-DC-003-ODF-01:F07,PB-DC-003-CBL-0007,OS2,25,UPLINK,,ACTIVE
PB-DC-003-CBL-0008,PHYSICAL,PB-DC-003-PE-T4-08:xe-0/0/0,PB-DC-003-ODF-01:F08,PB-DC-003-CBL-0008,OS2,25,UPLINK,,ACTIVE
PB-DC-003-CBL-0009,PHYSICAL,PB-DC-003-PE-T4-09:xe-0/0/0,PB-DC-003-ODF-01:F09,PB-DC-003-CBL-0009,OS2,25,UPLINK,,ACTIVE
PB-DC-003-CBL-0010,PHYSICAL,PB-DC-003-PE-T4-10:xe-0/0/0,PB-DC-003-ODF-01:F10,PB-DC-003-CBL-0010,OS2,25,UPLINK,,ACTIVE
PB-DC-003-CBL-0011,PHYSICAL,PB-DC-003-PE-T4-11:xe-0/0/0,PB-DC-003-ODF-01:F11,PB-DC-003-CBL-0011,OS2,25,UPLINK,,ACTIVE
PB-DC-003-CBL-0012,PHYSICAL,PB-DC-003-PE-T4-12:xe-0/0/0,PB-DC-003-ODF-01:F12,PB-DC-003-CBL-0012,OS2,25,UPLINK,,ACTIVE
PB-DC-003-CBL-0013,PHYSICAL,PB-DC-003-PE-T4-13:xe-0/0/0,PB-DC-003-ODF-01:F13,PB-DC-003-CBL-0013,OS2,25,UPLINK,,ACTIVE
PB-DC-003-CBL-0014,PHYSICAL,PB-DC-003-PE-T4-14:xe-0/0/0,PB-DC-003-ODF-01:F14,PB-DC-003-CBL-0014,OS2,25,UPLINK,,ACTIVE
PB-DC-003-CBL-0015,PHYSICAL,PB-DC-003-PE-T4-15:xe-0/0/0,PB-DC-003-ODF-01:F15,PB-DC-003-CBL-0015,OS2,25,UPLINK,,ACTIVE
PB-DC-003-CBL-0016,PHYSICAL,PB-DC-003-PE-T4-16:xe-0/0/0,PB-DC-003-ODF-01:F16,PB-DC-003-CBL-0016,OS2,25,UPLINK,,ACTIVE
PB-DC-003-CBL-0017,PHYSICAL,PB-DC-003-PE-T4-17:xe-0/0/0,PB-DC-003-ODF-01:F17,PB-DC-003-CBL-0017,OS2,25,UPLINK,,ACTIVE
PB-DC-003-CBL-0018,PHYSICAL,PB-DC-003-PE-T4-18:xe-0/0/0,PB-DC-003-ODF-01:F18,PB-DC-003-CBL-0018,OS2,25,UPLINK,,ACTIVE
PB-DC-003-CBL-0019,PHYSICAL,PB-DC-003-PE-T4-19:xe-0/0/0,PB-DC-003-ODF-01:F19,PB-DC-003-CBL-0019,OS2,25,UPLINK,,ACTIVE
PB-DC-003-CBL-0020,PHYSICAL,PB-DC-003-PE-T4-20:xe-0/0/0,PB-DC-003-ODF-01:F20,PB-DC-003-CBL-0020,OS2,25,UPLINK,,ACTIVE
PB-DC-003-CBL-0021,PHYSICAL,PB-DC-003-PE-T4-21:xe-0/0/0,PB-DC-003-ODF-01:F21,PB-DC-003-CBL-0021,OS2,25,UPLINK,,ACTIVE
PB-DC-003-CBL-0022,PHYSICAL,PB-DC-003-PE-T4-22:xe-0/0/0,PB-DC-003-ODF-01:F22,PB-DC-003-CBL-0022,OS2,25,UPLINK,,ACTIVE
PB-DC-003-CBL-0023,PHYSICAL,PB-DC-003-PE-T4-23:xe-0/0/0,PB-DC-003-ODF-01:F23,PB-DC-003-CBL-0023,OS2,25,UPLINK,,ACTIVE
PB-DC-003-CBL-0024,PHYSICAL,PB-DC-003-PE-T4-24:xe-0/0/0,PB-DC-003-ODF-01:F24,PB-DC-003-CBL-0024,OS2,25,UPLINK,,ACTIVE
PB-DC-003-CBL-0025,PHYSICAL,PB-DC-003-PE-T4-25:xe-0/0/0,PB-DC-003-ODF-01:F25,PB-DC-003-CBL-0025,OS2,25,UPLINK,,ACTIVE
PB-DC-003-CBL-0026,PHYSICAL,PB-DC-003-PE-T4-26:xe-0/0/0,PB-DC-003-ODF-01:F26,PB-DC-003-CBL-0026,OS2,25,UPLINK,,ACTIVE
PB-DC-003-CBL-0027,PHYSICAL,PB-DC-003-PE-T4-27:xe-0/0/0,PB-DC-003-ODF-01:F27,PB-DC-003-CBL-0027,OS2,25,UPLINK,,ACTIVE
PB-DC-003-CBL-0028,PHYSICAL,PB-DC-003-PE-T4-28:xe-0/0/0,PB-DC-003-ODF-01:F28,PB-DC-003-CBL-0028,OS2,25,UPLINK,,ACTIVE
PB-DC-003-CBL-0029,PHYSICAL,PB-DC-003-PE-T4-29:xe-0/0/0,PB-DC-003-ODF-01:F29,PB-DC-003-CBL-0029,OS2,25,UPLINK,,ACTIVE
PB-DC-003-CBL-0030,PHYSICAL,PB-DC-003-PE-T4-30:xe-0/0/0,PB-DC-003-ODF-01:F30,PB-DC-003-CBL-0030,OS2,25,UPLINK,,ACTIVE
PB-DC-003-CBL-0031,PHYSICAL,PB-DC-003-PE-T4-31:xe-0/0/0,PB-DC-003-ODF-01:F31,PB-DC-003-CBL-0031,OS2,25,UPLINK,,ACTIVE
PB-DC-003-CBL-0032,PHYSICAL,PB-DC-003-PE-T4-32:xe-0/0/0,PB-DC-003-ODF-01:F32,PB-DC-003-CBL-0032,OS2,25,UPLINK,,ACTIVE
PB-DC-003-CBL-0033,PHYSICAL,PB-DC-003-PE-T4-33:xe-0/0/0,PB-DC-003-ODF-01:F33,PB-DC-003-CBL-0033,OS2,25,UPLINK,,ACTIVE
PB-DC-003-CBL-0034,PHYSICAL,PB-DC-003-PE-T4-34:xe-0/0/0,PB-DC-003-ODF-01:F34,PB-DC-003-CBL-0034,OS2,25,UPLINK,,ACTIVE
PB-DC-003-CBL-0035,PHYSICAL,PB-DC-003-PE-T4-35:xe-0/0/0,PB-DC-003-ODF-01:F35,PB-DC-003-CBL-0035,OS2,25,UPLINK,,ACTIVE
PB-DC-003-CBL-0036,PHYSICAL,PB-DC-003-PE-T4-36:xe-0/0/0,PB-DC-003-ODF-01:F36,PB-DC-003-CBL-0036,OS2,25,UPLINK,,ACTIVE
PB-DC-003-CBL-0037,PHYSICAL,PB-DC-003-PE-T4-37:xe-0/0/0,PB-DC-003-ODF-01:F37,PB-DC-003-CBL-0037,OS2,25,UPLINK,,ACTIVE
PB-DC-003-CBL-0038,PHYSICAL,PB-DC-003-PE-T4-38:xe-0/0/0,PB-DC-003-ODF-01:F38,PB-DC-003-CBL-0038,OS2,25,UPLINK,,ACTIVE
PB-DC-003-CBL-0039,PHYSICAL,PB-DC-003-PE-T4-39:xe-0/0/0,PB-DC-003-ODF-01:F39,PB-DC-003-CBL-0039,OS2,25,UPLINK,,ACTIVE
PB-DC-003-CBL-0040,PHYSICAL,PB-DC-003-PE-T4-40:xe-0/0/0,PB-DC-003-ODF-01:F40,PB-DC-003-CBL-0040,OS2,25,UPLINK,,ACTIVE
PB-DC-003-CBL-0041,PHYSICAL,PB-DC-003-PE-T4-41:xe-0/0/0,PB-DC-003-ODF-01:F41,PB-DC-003-CBL-0041,OS2,25,UPLINK,,ACTIVE
PB-DC-003-CBL-0042,PHYSICAL,PB-DC-003-PE-T4-42:xe-0/0/0,PB-DC-003-ODF-01:F42,PB-DC-003-CBL-0042,OS2,25,UPLINK,,ACTIVE
PB-DC-003-CBL-0043,PHYSICAL,PB-DC-003-PE-T4-43:xe-0/0/0,PB-DC-003-ODF-01:F43,PB-DC-003-CBL-0043,OS2,25,UPLINK,,ACTIVE
PB-DC-003-CBL-0044,PHYSICAL,PB-DC-003-PE-T4-44:xe-0/0/0,PB-DC-003-ODF-01:F44,PB-DC-003-CBL-0044,OS2,25,UPLINK,,ACTIVE
PB-DC-003-CBL-0045,PHYSICAL,PB-DC-003-PE-T4-45:xe-0/0/0,PB-DC-003-ODF-01:F45,PB-DC-003-CBL-0045,OS2,25,UPLINK,,ACTIVE
PB-DC-003-CBL-0046,PHYSICAL,PB-DC-003-PE-T4-46:xe-0/0/0,PB-DC-003-ODF-01:F46,PB-DC-003-CBL-0046,OS2,25,UPLINK,,ACTIVE
PB-DC-003-CBL-0047,PHYSICAL,PB-DC-003-PE-T4-47:xe-0/0/0,PB-DC-003-ODF-01:F47,PB-DC-003-CBL-0047,OS2,25,UPLINK,,ACTIVE
PB-DC-003-CBL-0048,PHYSICAL,PB-DC-003-PE-T4-48:xe-0/0/0,PB-DC-003-ODF-01:F48,PB-DC-003-CBL-0048,OS2,25,UPLINK,,ACTIVE
PB-DC-003-CBL-0049,PHYSICAL,PB-DC-003-PE-T4-49:xe-0/0/0,PB-DC-003-ODF-02:F01,PB-DC-003-CBL-0049,OS2,25,UPLINK,,ACTIVE
PB-DC-003-CBL-0050,PHYSICAL,PB-DC-003-PE-T4-50:xe-0/0/0,PB-DC-003-ODF-02:F02,PB-DC-003-CBL-0050,OS2,25,UPLINK,,ACTIVE
PB-DC-003-CBL-0051,PHYSICAL,PB-DC-003-PE-T4-51:xe-0/0/0,PB-DC-003-ODF-02:F03,PB-DC-003-CBL-0051,OS2,25,UPLINK,,ACTIVE
PB-DC-003-CBL-0052,PHYSICAL,PB-DC-003-PE-T4-52:xe-0/0/0,PB-DC-003-ODF-02:F04,PB-DC-003-CBL-0052,OS2,25,UPLINK,,ACTIVE
PB-DC-003-CBL-0053,PHYSICAL,PB-DC-003-PE-T4-53:xe-0/0/0,PB-DC-003-ODF-02:F05,PB-DC-003-CBL-0053,OS2,25,UPLINK,,ACTIVE
PB-DC-003-CBL-0054,PHYSICAL,PB-DC-003-PE-T4-54:xe-0/0/0,PB-DC-003-ODF-02:F06,PB-DC-003-CBL-0054,OS2,25,UPLINK,,ACTIVE
PB-DC-003-CBL-0055,PHYSICAL,PB-DC-003-PE-T4-55:xe-0/0/0,PB-DC-003-ODF-02:F07,PB-DC-003-CBL-0055,OS2,25,UPLINK,,ACTIVE
PB-DC-003-CBL-0056,PHYSICAL,PB-DC-003-PE-T4-56:xe-0/0/0,PB-DC-003-ODF-02:F08,PB-DC-003-CBL-0056,OS2,25,UPLINK,,ACTIVE
PB-DC-003-CBL-0057,PHYSICAL,PB-DC-003-PE-T4-57:xe-0/0/0,PB-DC-003-ODF-02:F09,PB-DC-003-CBL-0057,OS2,25,UPLINK,,ACTIVE
PB-DC-003-CBL-0058,PHYSICAL,PB-DC-003-PE-T4-58:xe-0/0/0,PB-DC-003-ODF-02:F10,PB-DC-003-CBL-0058,OS2,25,UPLINK,,ACTIVE
PB-DC-003-CBL-0059,PHYSICAL,PB-DC-003-PE-T4-59:xe-0/0/0,PB-DC-003-ODF-02:F11,PB-DC-003-CBL-0059,OS2,25,UPLINK,,ACTIVE
PB-DC-003-CBL-0060,PHYSICAL,PB-DC-003-PE-T4-60:xe-0/0/0,PB-DC-003-ODF-02:F12,PB-DC-003-CBL-0060,OS2,25,UPLINK,,ACTIVE
PB-DC-003-CBL-0061,PHYSICAL,PB-DC-003-PE-T4-61:xe-0/0/0,PB-DC-003-ODF-02:F13,PB-DC-003-CBL-0061,OS2,25,UPLINK,,ACTIVE
PB-DC-003-CBL-0062,PHYSICAL,PB-DC-003-PE-T4-62:xe-0/0/0,PB-DC-003-ODF-02:F14,PB-DC-003-CBL-0062,OS2,25,UPLINK,,ACTIVE
PB-DC-003-CBL-0063,PHYSICAL,PB-DC-003-PE-T4-63:xe-0/0/0,PB-DC-003-ODF-02:F15,PB-DC-003-CBL-0063,OS2,25,UPLINK,,ACTIVE
PB-DC-003-CBL-0064,PHYSICAL,PB-DC-003-PE-T4-64:xe-0/0/0,PB-DC-003-ODF-02:F16,PB-DC-003-CBL-0064,OS2,25,UPLINK,,ACTIVE
PB-DC-003-CBL-0065,PHYSICAL,PB-DC-003-PE-T4-65:xe-0/0/0,PB-DC-003-ODF-02:F17,PB-DC-003-CBL-0065,OS2,25,UPLINK,,ACTIVE
PB-DC-003-CBL-0066,PHYSICAL,PB-DC-003-PE-T4-66:xe-0/0/0,PB-DC-003-ODF-02:F18,PB-DC-003-CBL-0066,OS2,25,UPLINK,,ACTIVE
PB-DC-003-CBL-0067,PHYSICAL,PB-DC-003-PE-T4-67:xe-0/0/0,PB-DC-003-ODF-02:F19,PB-DC-003-CBL-0067,OS2,25,UPLINK,,ACTIVE
PB-DC-003-CBL-0068,PHYSICAL,PB-DC-003-PE-T4-68:xe-0/0/0,PB-DC-003-ODF-02:F20,PB-DC-003-CBL-0068,OS2,25,UPLINK,,ACTIVE
PB-DC-003-CBL-0069,PHYSICAL,PB-DC-003-PE-T4-69:xe-0/0/0,PB-DC-003-ODF-02:F21,PB-DC-003-CBL-0069,OS2,25,UPLINK,,ACTIVE
PB-DC-003-CBL-0070,PHYSICAL,PB-DC-003-PE-T4-70:xe-0/0/0,PB-DC-003-ODF-02:F22,PB-DC-003-CBL-0070,OS2,25,UPLINK,,ACTIVE
PB-DC-003-CBL-0071,PHYSICAL,PB-DC-003-PE-T4-71:xe-0/0/0,PB-DC-003-ODF-02:F23,PB-DC-003-CBL-0071,OS2,25,UPLINK,,ACTIVE
PB-DC-003-CBL-0072,PHYSICAL,PB-DC-003-PE-T4-72:xe-0/0/0,PB-DC-003-ODF-02:F24,PB-DC-003-CBL-0072,OS2,25,UPLINK,,ACTIVE
PB-DC-003-CBL-0073,PHYSICAL,PB-DC-003-PE-T4-73:xe-0/0/0,PB-DC-003-ODF-02:F25,PB-DC-003-CBL-0073,OS2,25,UPLINK,,ACTIVE
PB-DC-003-CBL-0074,PHYSICAL,PB-DC-003-PE-T4-74:xe-0/0/0,PB-DC-003-ODF-02:F26,PB-DC-003-CBL-0074,OS2,25,UPLINK,,ACTIVE
PB-DC-003-CBL-0075,PHYSICAL,PB-DC-003-PE-T4-75:xe-0/0/0,PB-DC-003-ODF-02:F27,PB-DC-003-CBL-0075,OS2,25,UPLINK,,ACTIVE
PB-DC-003-CBL-0076,PHYSICAL,PB-DC-003-PE-T4-76:xe-0/0/0,PB-DC-003-ODF-02:F28,PB-DC-003-CBL-0076,OS2,25,UPLINK,,ACTIVE
PB-DC-003-CBL-0077,PHYSICAL,PB-DC-003-PE-T4-77:xe-0/0/0,PB-DC-003-ODF-02:F29,PB-DC-003-CBL-0077,OS2,25,UPLINK,,ACTIVE
PB-DC-003-CBL-0078,PHYSICAL,PB-DC-003-PE-T4-78:xe-0/0/0,PB-DC-003-ODF-02:F30,PB-DC-003-CBL-0078,OS2,25,UPLINK,,ACTIVE
PB-DC-003-CBL-0079,PHYSICAL,PB-DC-003-PE-T4-79:xe-0/0/0,PB-DC-003-ODF-02:F31,PB-DC-003-CBL-0079,OS2,25,UPLINK,,ACTIVE
PB-DC-003-CBL-0080,PHYSICAL,PB-DC-003-PE-T4-80:xe-0/0/0,PB-DC-003-ODF-02:F32,PB-DC-003-CBL-0080,OS2,25,UPLINK,,ACTIVE
PB-DC-003-CBL-0081,PHYSICAL,PB-DC-003-PE-T4-81:xe-0/0/0,PB-DC-003-ODF-02:F33,PB-DC-003-CBL-0081,OS2,25,UPLINK,,ACTIVE
PB-DC-003-CBL-0082,PHYSICAL,PB-DC-003-PE-T4-82:xe-0/0/0,PB-DC-003-ODF-02:F34,PB-DC-003-CBL-0082,OS2,25,UPLINK,,ACTIVE
PB-DC-003-CBL-0083,PHYSICAL,PB-DC-003-PE-T4-83:xe-0/0/0,PB-DC-003-ODF-02:F35,PB-DC-003-CBL-0083,OS2,25,UPLINK,,ACTIVE
PB-DC-003-CBL-0084,PHYSICAL,PB-DC-003-T-CHR-01:Gi1/0/49,PB-DC-003-PE-T4-01:xe-0/0/1,PB-DC-003-CBL-0084,OM4,8,UPLINK,PB-DC-003-T-CHR-01-UP,ACTIVE
PB-DC-003-LLDP-001,LOGICAL,PB-DC-003-T-CHR-01:Gi1/0/49,PB-DC-003-PE-T4-01:xe-0/0/1,,,,UPLINK,,ACTIVE
PB-DC-003-CBL-0085,PHYSICAL,PB-DC-003-T-CHR-02:Gi1/0/49,PB-DC-003-PE-T4-02:xe-0/0/1,PB-DC-003-CBL-0085,OM4,8,UPLINK,PB-DC-003-T-CHR-02-UP,ACTIVE
PB-DC-003-LLDP-002,LOGICAL,PB-DC-003-T-CHR-02:Gi1/0/49,PB-DC-003-PE-T4-02:xe-0/0/1,,,,UPLINK,,ACTIVE
PB-DC-003-CBL-0086,PHYSICAL,PB-DC-003-T-CHR-03:Gi1/0/49,PB-DC-003-PE-T4-03:xe-0/0/1,PB-DC-003-CBL-0086,OM4,8,UPLINK,PB-DC-003-T-CHR-03-UP,ACTIVE
PB-DC-003-LLDP-003,LOGICAL,PB-DC-003-T-CHR-03:Gi1/0/49,PB-DC-003-PE-T4-03:xe-0/0/1,,,,UPLINK,,ACTIVE
PB-DC-003-CBL-0087,PHYSICAL,PB-DC-003-T-CHR-04:Gi1/0/49,PB-DC-003-PE-T4-04:xe-0/0/1,PB-DC-003-CBL-0087,OM4,8,UPLINK,PB-DC-003-T-CHR-04-UP,ACTIVE
PB-DC-003-LLDP-004,LOGICAL,PB-DC-003-T-CHR-04:Gi1/0/49,PB-DC-003-PE-T4-04:xe-0/0/1,,,,UPLINK,,ACTIVE
PB-DC-003-CBL-0088,PHYSICAL,PB-DC-003-T-CHR-05:Gi1/0/49,PB-DC-003-PE-T4-05:xe-0/0/1,PB-DC-003-CBL-0088,OM4,8,UPLINK,PB-DC-003-T-CHR-05-UP,ACTIVE
PB-DC-003-LLDP-005,LOGICAL,PB-DC-003-T-CHR-05:Gi1/0/49,PB-DC-003-PE-T4-05:xe-0/0/1,,,,UPLINK,,ACTIVE
PB-DC-003-CBL-0089,PHYSICAL,PB-DC-003-T-CHR-06:Gi1/0/49,PB-DC-003-PE-T4-06:xe-0/0/1,PB-DC-003-CBL-0089,OM4,8,UPLINK,PB-DC-003-T-CHR-06-UP,ACTIVE
PB-DC-003-LLDP-006,LOGICAL,PB-DC-003-T-CHR-06:Gi1/0/49,PB-DC-003-PE-T4-06:xe-0/0/1,,,,UPLINK,,ACTIVE
PB-DC-003-CBL-0090,PHYSICAL,PB-DC-003-T-CHR-07:Gi1/0/49,PB-DC-003-PE-T4-07:xe-0/0/1,PB-DC-003-CBL-0090,OM4,8,UPLINK,PB-DC-003-T-CHR-07-UP,ACTIVE
PB-DC-003-LLDP-007,LOGICAL,PB-DC-003-T-CHR-07:Gi1/0/49,PB-DC-003-PE-T4-07:xe-0/0/1,,,,UPLINK,,ACTIVE
PB-DC-003-CBL-0091,PHYSICAL,PB-DC-003-T-CHR-08:Gi1/0/49,PB-DC-003-PE-T4-08:xe-0/0/1,PB-DC-003-CBL-0091,OM4,8,UPLINK,PB-DC-003-T-CHR-08-UP,ACTIVE
PB-DC-003-LLDP-008,LOGICAL,PB-DC-003-T-CHR-08:Gi1/0/49,PB-DC-003-PE-T4-08:xe-0/0/1,,,,UPLINK,,ACTIVE
PB-DC-003-CBL-0092,PHYSICAL,PB-DC-003-T-CHR-09:Gi1/0/49,PB-DC-003-PE-T4-09:xe-0/0/1,PB-DC-003-CBL-0092,OM4,8,UPLINK,PB-DC-003-T-CHR-09-UP,ACTIVE
PB-DC-003-LLDP-009,LOGICAL,PB-DC-003-T-CHR-09:Gi1/0/49,PB-DC-003-PE-T4-09:xe-0/0/1,,,,UPLINK,,ACTIVE
PB-DC-003-CBL-0093,PHYSICAL,PB-DC-003-T-CHR-10:Gi1/0/49,PB-DC-003-PE-T4-10:xe-0/0/1,PB-DC-003-CBL-0093,OM4,8,UPLINK,PB-DC-003-T-CHR-10-UP,ACTIVE
PB-DC-003-LLDP-010,LOGICAL,PB-DC-003-T-CHR-10:Gi1/0/49,PB-DC-003-PE-T4-10:xe-0/0/1,,,,UPLINK,,ACTIVE
PB-DC-003-CBL-0094,PHYSICAL,PB-DC-003-T-CHR-11:Gi1/0/49,PB-DC-003-PE-T4-11:xe-0/0/1,PB-DC-003-CBL-0094,OM4,8,UPLINK,PB-DC-003-T-CHR-11-UP,ACTIVE
PB-DC-003-LLDP-011,LOGICAL,PB-DC-003-T-CHR-11:Gi1/0/49,PB-DC-003-PE-T4-11:xe-0/0/1,,,,UPLINK,,ACTIVE
PB-DC-003-CBL-0095,PHYSICAL,PB-DC-003-T-CHR-12:Gi1/0/49,PB-DC-003-PE-T4-12:xe-0/0/1,PB-DC-003-CBL-0095,OM4,8,UPLINK,PB-DC-003-T-CHR-12-UP,ACTIVE
PB-DC-003-LLDP-012,LOGICAL,PB-DC-003-T-CHR-12:Gi1/0/49,PB-DC-003-PE-T4-12:xe-0/0/1,,,,UPLINK,,ACTIVE
PB-DC-003-CBL-0096,PHYSICAL,PB-DC-003-T-CHR-13:Gi1/0/49,PB-DC-003-PE-T4-13:xe-0/0/1,PB-DC-003-CBL-0096,OM4,8,UPLINK,PB-DC-003-T-CHR-13-UP,ACTIVE
PB-DC-003-LLDP-013,LOGICAL,PB-DC-003-T-CHR-13:Gi1/0/49,PB-DC-003-PE-T4-13:xe-0/0/1,,,,UPLINK,,ACTIVE
PB-DC-003-CBL-0097,PHYSICAL,PB-DC-003-T-CHR-14:Gi1/0/49,PB-DC-003-PE-T4-14:xe-0/0/1,PB-DC-003-CBL-0097,OM4,8,UPLINK,PB-DC-003-T-CHR-14-UP,ACTIVE
PB-DC-003-LLDP-014,LOGICAL,PB-DC-003-T-CHR-14:Gi1/0/49,PB-DC-003-PE-T4-14:xe-0/0/1,,,,UPLINK,,ACTIVE
PB-DC-003-CBL-0098,PHYSICAL,PB-DC-003-T-CHR-15:Gi1/0/49,PB-DC-003-PE-T4-15:xe-0/0/1,PB-DC-003-CBL-0098,OM4,8,UPLINK,PB-DC-003-T-CHR-15-UP,ACTIVE
PB-DC-003-LLDP-015,LOGICAL,PB-DC-003-T-CHR-15:Gi1/0/49,PB-DC-003-PE-T4-15:xe-0/0/1,,,,UPLINK,,ACTIVE
PB-DC-003-CBL-0099,PHYSICAL,PB-DC-003-T-CHR-16:Gi1/0/49,PB-DC-003-PE-T4-16:xe-0/0/1,PB-DC-003-CBL-0099,OM4,8,UPLINK,PB-DC-003-T-CHR-16-UP,ACTIVE
PB-DC-003-LLDP-016,LOGICAL,PB-DC-003-T-CHR-16:Gi1/0/49,PB-DC-003-PE-T4-16:xe-0/0/1,,,,UPLINK,,ACTIVE
PB-DC-003-CBL-0100,PHYSICAL,PB-DC-003-T-CHR-17:Gi1/0/49,PB-DC-003-PE-T4-17:xe-0/0/1,PB-DC-003-CBL-0100,OM4,8,UPLINK,PB-DC-003-T-CHR-17-UP,ACTIVE
PB-DC-003-LLDP-017,LOGICAL,PB-DC-003-T-CHR-17:Gi1/0/49,PB-DC-003-PE-T4-17:xe-0/0/1,,,,UPLINK,,ACTIVE
PB-DC-003-CBL-0101,PHYSICAL,PB-DC-003-T-CHR-18:Gi1/0/49,PB-DC-003-PE-T4-18:xe-0/0/1,PB-DC-003-CBL-0101,OM4,8,UPLINK,PB-DC-003-T-CHR-18-UP,ACTIVE
PB-DC-003-LLDP-018,LOGICAL,PB-DC-003-T-CHR-18:Gi1/0/49,PB-DC-003-PE-T4-18:xe-0/0/1,,,,UPLINK,,ACTIVE
PB-DC-003-CBL-0102,PHYSICAL,PB-DC-003-T-CHR-19:Gi1/0/49,PB-DC-003-PE-T4-19:xe-0/0/1,PB-DC-003-CBL-0102,OM4,8,UPLINK,PB-DC-003-T-CHR-19-UP,ACTIVE
PB-DC-003-LLDP-019,LOGICAL,PB-DC-003-T-CHR-19:Gi1/0/49,PB-DC-003-PE-T4-19:xe-0/0/1,,,,UPLINK,,ACTIVE
PB-DC-003-CBL-0103,PHYSICAL,PB-DC-003-T-CHR-20:Gi1/0/49,PB-DC-003-PE-T4-20:xe-0/0/1,PB-DC-003-CBL-0103,OM4,8,UPLINK,PB-DC-003-T-CHR-20-UP,ACTIVE
PB-DC-003-LLDP-020,LOGICAL,PB-DC-003-T-CHR-20:Gi1/0/49,PB-DC-003-PE-T4-20:xe-0/0/1,,,,UPLINK,,ACTIVE
PB-DC-003-CBL-0104,PHYSICAL,PB-DC-003-T-CHR-21:Gi1/0/49,PB-DC-003-PE-T4-21:xe-0/0/1,PB-DC-003-CBL-0104,OM4,8,UPLINK,PB-DC-003-T-CHR-21-UP,ACTIVE
PB-DC-003-LLDP-021,LOGICAL,PB-DC-003-T-CHR-21:Gi1/0/49,PB-DC-003-PE-T4-21:xe-0/0/1,,,,UPLINK,,ACTIVE
PB-DC-003-CBL-0105,PHYSICAL,PB-DC-003-T-CHR-22:Gi1/0/49,PB-DC-003-PE-T4-22:xe-0/0/1,PB-DC-003-CBL-0105,OM4,8,UPLINK,PB-DC-003-T-CHR-22-UP,ACTIVE
PB-DC-003-LLDP-022,LOGICAL,PB-DC-003-T-CHR-22:Gi1/0/49,PB-DC-003-PE-T4-22:xe-0/0/1,,,,UPLINK,,ACTIVE
PB-DC-003-CBL-0106,PHYSICAL,PB-DC-003-T-CHR-23:Gi1/0/49,PB-DC-003-PE-T4-23:xe-0/0/1,PB-DC-003-CBL-0106,OM4,8,UPLINK,PB-DC-003-T-CHR-23-UP,ACTIVE
PB-DC-003-LLDP-023,LOGICAL,PB-DC-003-T-CHR-23:Gi1/0/49,PB-DC-003-PE-T4-23:xe-0/0/1,,,,UPLINK,,ACTIVE
PB-DC-003-CBL-0107,PHYSICAL,PB-DC-003-T-CHR-24:Gi1/0/49,PB-DC-003-PE-T4-24:xe-0/0/1,PB-DC-003-CBL-0107,OM4,8,UPLINK,PB-DC-003-T-CHR-24-UP,ACTIVE
PB-DC-003-LLDP-024,LOGICAL,PB-DC-003-T-CHR-24:Gi1/0/49,PB-DC-003-PE-T4-24:xe-0/0/1,,,,UPLINK,,ACTIVE
PB-DC-003-CBL-0108,PHYSICAL,PB-DC-003-T-CHR-25:Gi1/0/49,PB-DC-003-PE-T4-25:xe-0/0/1,PB-DC-003-CBL-0108,OM4,8,UPLINK,PB-DC-003-T-CHR-25-UP,ACTIVE
PB-DC-003-LLDP-025,LOGICAL,PB-DC-003-T-CHR-25:Gi1/0/49,PB-DC-003-PE-T4-25:xe-0/0/1,,,,UPLINK,,ACTIVE
PB-DC-003-CBL-0109,PHYSICAL,PB-DC-003-T-CHR-26:Gi1/0/49,PB-DC-003-PE-T4-26:xe-0/0/1,PB-DC-003-CBL-0109,OM4,8,UPLINK,PB-DC-003-T-CHR-26-UP,ACTIVE
PB-DC-003-LLDP-026,LOGICAL,PB-DC-003-T-CHR-26:Gi1/0/49,PB-DC-003-PE-T4-26:xe-0/0/1,,,,UPLINK,,ACTIVE
PB-DC-003-CBL-0110,PHYSICAL,PB-DC-003-T-CHR-27:Gi1/0/49,PB-DC-003-PE-T4-27:xe-0/0/1,PB-DC-003-CBL-0110,OM4,8,UPLINK,PB-DC-003-T-CHR-27-UP,ACTIVE
PB-DC-003-LLDP-027,LOGICAL,PB-DC-003-T-CHR-27:Gi1/0/49,PB-DC-003-PE-T4-27:xe-0/0/1,,,,UPLINK,,ACTIVE
PB-DC-003-CBL-0111,PHYSICAL,PB-DC-003-T-CHR-28:Gi1/0/49,PB-DC-003-PE-T4-28:xe-0/0/1,PB-DC-003-CBL-0111,OM4,8,UPLINK,PB-DC-003-T-CHR-28-UP,ACTIVE
PB-DC-003-LLDP-028,LOGICAL,PB-DC-003-T-CHR-28:Gi1/0/49,PB-DC-003-PE-T4-28:xe-0/0/1,,,,UPLINK,,ACTIVE
PB-DC-003-CBL-0112,PHYSICAL,PB-DC-003-T-CHR-29:Gi1/0/49,PB-DC-003-PE-T4-29:xe-0/0/1,PB-DC-003-CBL-0112,OM4,8,UPLINK,PB-DC-003-T-CHR-29-UP,ACTIVE
PB-DC-003-LLDP-029,LOGICAL,PB-DC-003-T-CHR-29:Gi1/0/49,PB-DC-003-PE-T4-29:xe-0/0/1,,,,UPLINK,,ACTIVE
PB-DC-003-CBL-0113,PHYSICAL,PB-DC-003-T-CHR-30:Gi1/0/49,PB-DC-003-PE-T4-30:xe-0/0/1,PB-DC-003-CBL-0113,OM4,8,UPLINK,PB-DC-003-T-CHR-30-UP,ACTIVE
PB-DC-003-LLDP-030,LOGICAL,PB-DC-003-T-CHR-30:Gi1/0/49,PB-DC-003-PE-T4-30:xe-0/0/1,,,,UPLINK,,ACTIVE
PB-DC-003-CBL-0114,PHYSICAL,PB-DC-003-T-CHR-31:Gi1/0/49,PB-DC-003-PE-T4-31:xe-0/0/1,PB-DC-003-CBL-0114,OM4,8,UPLINK,PB-DC-003-T-CHR-31-UP,ACTIVE
PB-DC-003-LLDP-031,LOGICAL,PB-DC-003-T-CHR-31:Gi1/0/49,PB-DC-003-PE-T4-31:xe-0/0/1,,,,UPLINK,,ACTIVE
PB-DC-003-CBL-0115,PHYSICAL,PB-DC-003-T-CHR-32:Gi1/0/49,PB-DC-003-PE-T4-32:xe-0/0/1,PB-DC-003-CBL-0115,OM4,8,UPLINK,PB-DC-003-T-CHR-32-UP,ACTIVE
PB-DC-003-LLDP-032,LOGICAL,PB-DC-003-T-CHR-32:Gi1/0/49,PB-DC-003-PE-T4-32:xe-0/0/1,,,,UPLINK,,ACTIVE
PB-DC-003-CBL-0116,PHYSICAL,PB-DC-003-T-CHR-33:Gi1/0/49,PB-DC-003-PE-T4-33:xe-0/0/1,PB-DC-003-CBL-0116,OM4,8,UPLINK,PB-DC-003-T-CHR-33-UP,ACTIVE
PB-DC-003-LLDP-033,LOGICAL,PB-DC-003-T-CHR-33:Gi1/0/49,PB-DC-003-PE-T4-33:xe-0/0/1,,,,UPLINK,,ACTIVE
PB-DC-003-CBL-0117,PHYSICAL,PB-DC-003-T-CHR-34:Gi1/0/49,PB-DC-003-PE-T4-34:xe-0/0/1,PB-DC-003-CBL-0117,OM4,8,UPLINK,PB-DC-003-T-CHR-34-UP,ACTIVE
PB-DC-003-LLDP-034,LOGICAL,PB-DC-003-T-CHR-34:Gi1/0/49,PB-DC-003-PE-T4-34:xe-0/0/1,,,,UPLINK,,ACTIVE
PB-DC-003-CBL-0118,PHYSICAL,PB-DC-003-T-CHR-35:Gi1/0/49,PB-DC-003-PE-T4-35:xe-0/0/1,PB-DC-003-CBL-0118,OM4,8,UPLINK,PB-DC-003-T-CHR-35-UP,ACTIVE
PB-DC-003-LLDP-035,LOGICAL,PB-DC-003-T-CHR-35:Gi1/0/49,PB-DC-003-PE-T4-35:xe-0/0/1,,,,UPLINK,,ACTIVE
PB-DC-003-CBL-0119,PHYSICAL,PB-DC-003-T-CHR-36:Gi1/0/49,PB-DC-003-PE-T4-36:xe-0/0/1,PB-DC-003-CBL-0119,OM4,8,UPLINK,PB-DC-003-T-CHR-36-UP,ACTIVE
PB-DC-003-LLDP-036,LOGICAL,PB-DC-003-T-CHR-36:Gi1/0/49,PB-DC-003-PE-T4-36:xe-0/0/1,,,,UPLINK,,ACTIVE
PB-DC-003-CBL-0120,PHYSICAL,PB-DC-003-T-CHR-37:Gi1/0/49,PB-DC-003-PE-T4-37:xe-0/0/1,PB-DC-003-CBL-0120,OM4,8,UPLINK,PB-DC-003-T-CHR-37-UP,ACTIVE
PB-DC-003-LLDP-037,LOGICAL,PB-DC-003-T-CHR-37:Gi1/0/49,PB-DC-003-PE-T4-37:xe-0/0/1,,,,UPLINK,,ACTIVE
PB-DC-003-CBL-0121,PHYSICAL,PB-DC-003-T-CHR-38:Gi1/0/49,PB-DC-003-PE-T4-38:xe-0/0/1,PB-DC-003-CBL-0121,OM4,8,UPLINK,PB-DC-003-T-CHR-38-UP,ACTIVE
PB-DC-003-LLDP-038,LOGICAL,PB-DC-003-T-CHR-38:Gi1/0/49,PB-DC-003-PE-T4-38:xe-0/0/1,,,,UPLINK,,ACTIVE
PB-DC-003-CBL-0122,PHYSICAL,PB-DC-003-T-CHR-39:Gi1/0/49,PB-DC-003-PE-T4-39:xe-0/0/1,PB-DC-003-CBL-0122,OM4,8,UPLINK,PB-DC-003-T-CHR-39-UP,ACTIVE
PB-DC-003-LLDP-039,LOGICAL,PB-DC-003-T-CHR-39:Gi1/0/49,PB-DC-003-PE-T4-39:xe-0/0/1,,,,UPLINK,,ACTIVE
PB-DC-003-CBL-0123,PHYSICAL,PB-DC-003-T-CHR-40:Gi1/0/49,PB-DC-003-PE-T4-40:xe-0/0/1,PB-DC-003-CBL-0123,OM4,8,UPLINK,PB-DC-003-T-CHR-40-UP,ACTIVE
PB-DC-003-LLDP-040,LOGICAL,PB-DC-003-T-CHR-40:Gi1/0/49,PB-DC-003-PE-T4-40:xe-0/0/1,,,,UPLINK,,ACTIVE
PB-DC-003-CBL-0124,PHYSICAL,PB-DC-003-T-CHR-41:Gi1/0/49,PB-DC-003-PE-T4-41:xe-0/0/1,PB-DC-003-CBL-0124,OM4,8,UPLINK,PB-DC-003-T-CHR-41-UP,ACTIVE
PB-DC-003-LLDP-041,LOGICAL,PB-DC-003-T-CHR-41:Gi1/0/49,PB-DC-003-PE-T4-41:xe-0/0/1,,,,UPLINK,,ACTIVE
PB-DC-003-CBL-0125,PHYSICAL,PB-DC-003-T-CHR-42:Gi1/0/49,PB-DC-003-PE-T4-42:xe-0/0/1,PB-DC-003-CBL-0125,OM4,8,UPLINK,PB-DC-003-T-CHR-42-UP,ACTIVE
PB-DC-003-LLDP-042,LOGICAL,PB-DC-003-T-CHR-42:Gi1/0/49,PB-DC-003-PE-T4-42:xe-0/0/1,,,,UPLINK,,ACTIVE
PB-DC-003-CBL-0126,PHYSICAL,PB-DC-003-T-CHR-43:Gi1/0/49,PB-DC-003-PE-T4-43:xe-0/0/1,PB-DC-003-CBL-0126,OM4,8,UPLINK,PB-DC-003-T-CHR-43-UP,ACTIVE
PB-DC-003-LLDP-043,LOGICAL,PB-DC-003-T-CHR-43:Gi1/0/49,PB-DC-003-PE-T4-43:xe-0/0/1,,,,UPLINK,,ACTIVE
PB-DC-003-CBL-0127,PHYSICAL,PB-DC-003-T-CHR-44:Gi1/0/49,PB-DC-003-PE-T4-44:xe-0/0/1,PB-DC-003-CBL-0127,OM4,8,UPLINK,PB-DC-003-T-CHR-44-UP,ACTIVE
PB-DC-003-LLDP-044,LOGICAL,PB-DC-003-T-CHR-44:Gi1/0/49,PB-DC-003-PE-T4-44:xe-0/0/1,,,,UPLINK,,ACTIVE
PB-DC-003-CBL-0128,PHYSICAL,PB-DC-003-T-CHR-45:Gi1/0/49,PB-DC-003-PE-T4-45:xe-0/0/1,PB-DC-003-CBL-0128,OM4,8,UPLINK,PB-DC-003-T-CHR-45-UP,ACTIVE
PB-DC-003-LLDP-045,LOGICAL,PB-DC-003-T-CHR-45:Gi1/0/49,PB-DC-003-PE-T4-45:xe-0/0/1,,,,UPLINK,,ACTIVE
PB-DC-003-CBL-0129,PHYSICAL,PB-DC-003-T-CHR-46:Gi1/0/49,PB-DC-003-PE-T4-46:xe-0/0/1,PB-DC-003-CBL-0129,OM4,8,UPLINK,PB-DC-003-T-CHR-46-UP,ACTIVE
PB-DC-003-LLDP-046,LOGICAL,PB-DC-003-T-CHR-46:Gi1/0/49,PB-DC-003-PE-T4-46:xe-0/0/1,,,,UPLINK,,ACTIVE
PB-DC-003-CBL-0130,PHYSICAL,PB-DC-003-T-CHR-47:Gi1/0/49,PB-DC-003-PE-T4-47:xe-0/0/1,PB-DC-003-CBL-0130,OM4,8,UPLINK,PB-DC-003-T-CHR-47-UP,ACTIVE
PB-DC-003-LLDP-047,LOGICAL,PB-DC-003-T-CHR-47:Gi1/0/49,PB-DC-003-PE-T4-47:xe-0/0/1,,,,UPLINK,,ACTIVE
PB-DC-003-CBL-0131,PHYSICAL,PB-DC-003-T-CHR-48:Gi1/0/49,PB-DC-003-PE-T4-48:xe-0/0/1,PB-DC-003-CBL-0131,OM4,8,UPLINK,PB-DC-003-T-CHR-48-UP,ACTIVE
PB-DC-003-LLDP-048,LOGICAL,PB-DC-003-T-CHR-48:Gi1/0/49,PB-DC-003-PE-T4-48:xe-0/0/1,,,,UPLINK,,ACTIVE
PB-DC-003-CBL-0132,PHYSICAL,PB-DC-003-T-CHR-49:Gi1/0/49,PB-DC-003-PE-T4-49:xe-0/0/1,PB-DC-003-CBL-0132,OM4,8,UPLINK,PB-DC-003-T-CHR-49-UP,ACTIVE
PB-DC-003-LLDP-049,LOGICAL,PB-DC-003-T-CHR-49:Gi1/0/49,PB-DC-003-PE-T4-49:xe-0/0/1,,,,UPLINK,,ACTIVE
PB-DC-003-CBL-0133,PHYSICAL,PB-DC-003-T-CHR-50:Gi1/0/49,PB-DC-003-PE-T4-50:xe-0/0/1,PB-DC-003-CBL-0133,OM4,8,UPLINK,PB-DC-003-T-CHR-50-UP,ACTIVE
PB-DC-003-LLDP-050,LOGICAL,PB-DC-003-T-CHR-50:Gi1/0/49,PB-DC-003-PE-T4-50:xe-0/0/1,,,,UPLINK,,ACTIVE
PB-DC-003-CBL-0134,PHYSICAL,PB-DC-003-T-CHR-51:Gi1/0/49,PB-DC-003-PE-T4-51:xe-0/0/1,PB-DC-003-CBL-0134,OM4,8,UPLINK,PB-DC-003-T-CHR-51-UP,ACTIVE
PB-DC-003-LLDP-051,LOGICAL,PB-DC-003-T-CHR-51:Gi1/0/49,PB-DC-003-PE-T4-51:xe-0/0/1,,,,UPLINK,,ACTIVE
PB-DC-003-CBL-0135,PHYSICAL,PB-DC-003-T-CHR-52:Gi1/0/49,PB-DC-003-PE-T4-52:xe-0/0/1,PB-DC-003-CBL-0135,OM4,8,UPLINK,PB-DC-003-T-CHR-52-UP,ACTIVE
PB-DC-003-LLDP-052,LOGICAL,PB-DC-003-T-CHR-52:Gi1/0/49,PB-DC-003-PE-T4-52:xe-0/0/1,,,,UPLINK,,ACTIVE
PB-DC-003-CBL-0136,PHYSICAL,PB-DC-003-T-CHR-53:Gi1/0/49,PB-DC-003-PE-T4-53:xe-0/0/1,PB-DC-003-CBL-0136,OM4,8,UPLINK,PB-DC-003-T-CHR-53-UP,ACTIVE
PB-DC-003-LLDP-053,LOGICAL,PB-DC-003-T-CHR-53:Gi1/0/49,PB-DC-003-PE-T4-53:xe-0/0/1,,,,UPLINK,,ACTIVE
PB-DC-003-CBL-0137,PHYSICAL,PB-DC-003-T-CHR-54:Gi1/0/49,PB-DC-003-PE-T4-54:xe-0/0/1,PB-DC-003-CBL-0137,OM4,8,UPLINK,PB-DC-003-T-CHR-54-UP,ACTIVE
PB-DC-003-LLDP-054,LOGICAL,PB-DC-003-T-CHR-54:Gi1/0/49,PB-DC-003-PE-T4-54:xe-0/0/1,,,,UPLINK,,ACTIVE
PB-DC-003-CBL-0138,PHYSICAL,PB-DC-003-T-CHR-55:Gi1/0/49,PB-DC-003-PE-T4-55:xe-0/0/1,PB-DC-003-CBL-0138,OM4,8,UPLINK,PB-DC-003-T-CHR-55-UP,ACTIVE
PB-DC-003-LLDP-055,LOGICAL,PB-DC-003-T-CHR-55:Gi1/0/49,PB-DC-003-PE-T4-55:xe-0/0/1,,,,UPLINK,,ACTIVE
PB-DC-003-CBL-0139,PHYSICAL,PB-DC-003-T-CHR-56:Gi1/0/49,PB-DC-003-PE-T4-56:xe-0/0/1,PB-DC-003-CBL-0139,OM4,8,UPLINK,PB-DC-003-T-CHR-56-UP,ACTIVE
PB-DC-003-LLDP-056,LOGICAL,PB-DC-003-T-CHR-56:Gi1/0/49,PB-DC-003-PE-T4-56:xe-0/0/1,,,,UPLINK,,ACTIVE
PB-DC-003-CBL-0140,PHYSICAL,PB-DC-003-OADM-100:NE-1,PB-DC-003-ODF-04:F47,PB-DC-003-CBL-0140,OS2,30,UPLINK,,ACTIVE
PB-DC-003-CBL-0141,PHYSICAL,PB-DC-003-OADM-120:NE-1,PB-DC-003-ODF-04:F46,PB-DC-003-CBL-0141,OS2,30,UPLINK,,ACTIVE
