MappingId,EntityId,System,ExternalId,Metric,PollSeconds
PB-DC-002-MON-001,PB-DC-002-UPS-A,SNMP,PB-DC-002/UPS-A/upsOutputPower,output_kw,60
PB-DC-002-MON-002,PB-DC-002-UPS-B,SNMP,PB-DC-002/UPS-B/upsOutputPower,output_kw,60
PB-DC-002-MON-003,PB-DC-002-RECT-01,SNMP,PB-DC-002/RECT-01/dcOutputCurrent,output_a,60
PB-DC-002-MON-004,PB-DC-002-DG-01,BMS,BMS/PB-DC-002/DG-01/FuelLevel,fuel_pct,300
PB-DC-002-MON-005,PB-DC-002-CRAC-1,BMS,BMS/PB-DC-002/CRAC-1/SupplyTemp,supply_c,60
PB-DC-002-MON-006,PB-DC-002-CRAC-2,BMS,BMS/PB-DC-002/CRAC-2/SupplyTemp,supply_c,60
PB-DC-003-MON-001,PB-DC-003-UPS-A,SNMP,PB-DC-003/UPS-A/upsOutputPower,output_kw,60
PB-DC-003-MON-002,PB-DC-003-UPS-B,SNMP,PB-DC-003/UPS-B/upsOutputPower,output_kw,60
PB-DC-003-MON-003,PB-DC-003-RECT-01,SNMP,PB-DC-003/RECT-01/dcOutputCurrent,output_a,60
PB-DC-003-MON-004,PB-DC-003-DG-01,BMS,BMS/PB-DC-003/DG-01/FuelLevel,fuel_pct,300
PB-DC-003-MON-005,PB-DC-003-CRAC-1,BMS,BMS/PB-DC-003/CRAC-1/SupplyTemp,supply_c,60
PB-DC-003-MON-006,PB-DC-003-CRAC-2,BMS,BMS/PB-DC-003/CRAC-2/SupplyTemp,supply_c,60
