PowerConnectionId,FromId,ToId,Side,Circuit,BreakerA,Status
PB-DC-002-PC-001,PB-DC-002-UTIL-A,PB-DC-002-ATS-A,A,,,ACTIVE
PB-DC-002-PC-002,PB-DC-002-DG-01,PB-DC-002-ATS-A,A,DG-A,,ACTIVE
PB-DC-002-PC-003,PB-DC-002-ATS-A,PB-DC-002-UPS-A,A,,,ACTIVE
PB-DC-002-PC-004,PB-DC-002-UPS-A,PB-DC-002-PDU-A,A,,,ACTIVE
PB-DC-002-PC-005,PB-DC-002-UTIL-B,PB-DC-002-ATS-B,B,,,ACTIVE
PB-DC-002-PC-006,PB-DC-002-DG-01,PB-DC-002-ATS-B,B,DG-B,,ACTIVE
PB-DC-002-PC-007,PB-DC-002-ATS-B,PB-DC-002-UPS-B,B,,,ACTIVE
PB-DC-002-PC-008,PB-DC-002-UPS-B,PB-DC-002-PDU-B,B,,,ACTIVE
PB-DC-002-PC-009,PB-DC-002-ATS-A,PB-DC-002-RECT-01,A,,,ACTIVE
PB-DC-002-PC-010,PB-DC-002-BATT-01,PB-DC-002-RECT-01,N,,,ACTIVE
PB-DC-002-PC-011,PB-DC-002-PDU-A,PB-DC-002-RK-A01-RPDU-A,A,A-A01,32,ACTIVE
PB-DC-002-PC-012,PB-DC-002-PDU-B,PB-DC-002-RK-A01-RPDU-B,B,B-A01,32,ACTIVE
PB-DC-002-PC-013,PB-DC-002-PDU-A,PB-DC-002-RK-A02-RPDU-A,A,A-A02,32,ACTIVE
PB-DC-002-PC-014,PB-DC-002-PDU-B,PB-DC-002-RK-A02-RPDU-B,B,B-A02,32,ACTIVE
PB-DC-002-PC-015,PB-DC-002-PDU-A,PB-DC-002-RK-A03-RPDU-A,A,A-A03,32,ACTIVE
PB-DC-002-PC-016,PB-DC-002-PDU-B,PB-DC-002-RK-A03-RPDU-B,B,B-A03,32,ACTIVE
PB-DC-002-PC-017,PB-DC-002-PDU-A,PB-DC-002-RK-A04-RPDU-A,A,A-A04,32,ACTIVE
PB-DC-002-PC-018,PB-DC-002-PDU-B,PB-DC-002-RK-A04-RPDU-B,B,B-A04,32,ACTIVE
PB-DC-002-PC-019,PB-DC-002-PDU-A,PB-DC-002-RK-A05-RPDU-A,A,A-A05,32,ACTIVE
PB-DC-002-PC-020,PB-DC-002-PDU-B,PB-DC-002-RK-A05-RPDU-B,B,B-A05,32,ACTIVE
PB-DC-002-PC-021,PB-DC-002-PDU-A,PB-DC-002-RK-B01-RPDU-A,A,A-B01,32,ACTIVE
PB-DC-002-PC-022,PB-DC-002-PDU-B,PB-DC-002-RK-B01-RPDU-B,B,B-B01,32,ACTIVE
PB-DC-002-PC-023,PB-DC-002-PDU-A,PB-DC-002-RK-B02-RPDU-A,A,A-B02,32,ACTIVE
PB-DC-002-PC-024,PB-DC-002-PDU-B,PB-DC-002-RK-B02-RPDU-B,B,B-B02,32,ACTIVE
PB-DC-002-PC-025,PB-DC-002-PDU-A,PB-DC-002-RK-B03-RPDU-A,A,A-B03,32,ACTIVE
PB-DC-002-PC-026,PB-DC-002-PDU-B,PB-DC-002-RK-B03-RPDU-B,B,B-B03,32,ACTIVE
PB-DC-003-PC-001,PB-DC-003-UTIL-A,PB-DC-003-ATS-A,A,,,ACTIVE
PB-DC-003-PC-002,PB-DC-003-DG-01,PB-DC-003-ATS-A,A,DG-A,,ACTIVE
PB-DC-003-PC-003,PB-DC-003-ATS-A,PB-DC-003-UPS-A,A,,,ACTIVE
PB-DC-003-PC-004,PB-DC-003-UPS-A,PB-DC-003-PDU-A,A,,,ACTIVE
PB-DC-003-PC-005,PB-DC-003-UTIL-B,PB-DC-003-ATS-B,B,,,ACTIVE
PB-DC-003-PC-006,PB-DC-003-DG-01,PB-DC-003-ATS-B,B,DG-B,,ACTIVE
PB-DC-003-PC-007,PB-DC-003-ATS-B,PB-DC-003-UPS-B,B,,,ACTIVE
PB-DC-003-PC-008,PB-DC-003-UPS-B,PB-DC-003-PDU-B,B,,,ACTIVE
PB-DC-003-PC-009,PB-DC-003-ATS-A,PB-DC-003-RECT-01,A,,,ACTIVE
PB-DC-003-PC-010,PB-DC-003-BATT-01,PB-DC-003-RECT-01,N,,,ACTIVE
PB-DC-003-PC-011,PB-DC-003-PDU-A,PB-DC-003-RK-A01-RPDU-A,A,A-A01,32,ACTIVE
PB-DC-003-PC-012,PB-DC-003-PDU-B,PB-DC-003-RK-A01-RPDU-B,B,B-A01,32,ACTIVE
PB-DC-003-PC-013,PB-DC-003-PDU-A,PB-DC-003-RK-A02-RPDU-A,A,A-A02,32,ACTIVE
PB-DC-003-PC-014,PB-DC-003-PDU-B,PB-DC-003-RK-A02-RPDU-B,B,B-A02,32,ACTIVE
PB-DC-003-PC-015,PB-DC-003-PDU-A,PB-DC-003-RK-A03-RPDU-A,A,A-A03,32,ACTIVE
PB-DC-003-PC-016,PB-DC-003-PDU-B,PB-DC-003-RK-A03-RPDU-B,B,B-A03,32,ACTIVE
PB-DC-003-PC-017,PB-DC-003-PDU-A,PB-DC-003-RK-A04-RPDU-A,A,A-A04,32,ACTIVE
PB-DC-003-PC-018,PB-DC-003-PDU-B,PB-DC-003-RK-A04-RPDU-B,B,B-A04,32,ACTIVE
PB-DC-003-PC-019,PB-DC-003-PDU-A,PB-DC-003-RK-A05-RPDU-A,A,A-A05,32,ACTIVE
PB-DC-003-PC-020,PB-DC-003-PDU-B,PB-DC-003-RK-A05-RPDU-B,B,B-A05,32,ACTIVE
PB-DC-003-PC-021,PB-DC-003-PDU-A,PB-DC-003-RK-A06-RPDU-A,A,A-A06,32,ACTIVE
PB-DC-003-PC-022,PB-DC-003-PDU-B,PB-DC-003-RK-A06-RPDU-B,B,B-A06,32,ACTIVE
PB-DC-003-PC-023,PB-DC-003-PDU-A,PB-DC-003-RK-B01-RPDU-A,A,A-B01,32,ACTIVE
PB-DC-003-PC-024,PB-DC-003-PDU-B,PB-DC-003-RK-B01-RPDU-B,B,B-B01,32,ACTIVE
PB-DC-003-PC-025,PB-DC-003-PDU-A,PB-DC-003-RK-B02-RPDU-A,A,A-B02,32,ACTIVE
PB-DC-003-PC-026,PB-DC-003-PDU-B,PB-DC-003-RK-B02-RPDU-B,B,B-B02,32,ACTIVE
PB-DC-003-PC-027,PB-DC-003-PDU-A,PB-DC-003-RK-B03-RPDU-A,A,A-B03,32,ACTIVE
PB-DC-003-PC-028,PB-DC-003-PDU-B,PB-DC-003-RK-B03-RPDU-B,B,B-B03,32,ACTIVE
