PowerId,DataCenterId,Name,Type,RoomId,RackId,Side,RatingKw,RatingKva,Voltage,AutonomyMin,RedundancyGroup,Status
KA-DC-001-UTIL-A,KA-DC-001,Utility feed A (PSPCL 11 kV),UTILITY,,,A,60,,11000,,,ACTIVE
KA-DC-001-UTIL-B,KA-DC-001,Utility feed B (PSPCL 11 kV),UTILITY,,,B,60,,11000,,,ACTIVE
KA-DC-001-DG-01,KA-DC-001,DG-01,GENERATOR,KA-DC-001-PWR,,N,60,75,415,,,ACTIVE
KA-DC-001-ATS-A,KA-DC-001,ATS A,ATS,KA-DC-001-PWR,,A,60,,415,,,ACTIVE
KA-DC-001-UPS-A,KA-DC-001,UPS A,UPS,KA-DC-001-PWR,,A,50,50,,15,UPS 2N,ACTIVE
KA-DC-001-PDU-A,KA-DC-001,PDU A,PDU,KA-DC-001-EQR,,A,50,,415,,,ACTIVE
KA-DC-001-ATS-B,KA-DC-001,ATS B,ATS,KA-DC-001-PWR,,B,60,,415,,,ACTIVE
KA-DC-001-UPS-B,KA-DC-001,UPS B,UPS,KA-DC-001-PWR,,B,50,50,,15,UPS 2N,ACTIVE
KA-DC-001-PDU-B,KA-DC-001,PDU B,PDU,KA-DC-001-EQR,,B,50,,415,,,ACTIVE
KA-DC-001-RECT-01,KA-DC-001,Rectifier RECT-01 (−48 V),RECTIFIER,KA-DC-001-PWR,,N,7,,48,,,ACTIVE
KA-DC-001-BATT-01,KA-DC-001,Battery bank BATT-01 (48 V),BATTERY,KA-DC-001-PWR,,N,6,,,240,,ACTIVE
KA-DC-001-RK-A01-RPDU-A,KA-DC-001,A01 rack PDU A,RACK_PDU,KA-DC-001-EQR,KA-DC-001-RK-A01,A,7.4,,230,,,ACTIVE
KA-DC-001-RK-A01-RPDU-B,KA-DC-001,A01 rack PDU B,RACK_PDU,KA-DC-001-EQR,KA-DC-001-RK-A01,B,7.4,,230,,,ACTIVE
KA-DC-001-RK-A02-RPDU-A,KA-DC-001,A02 rack PDU A,RACK_PDU,KA-DC-001-EQR,KA-DC-001-RK-A02,A,7.4,,230,,,ACTIVE
KA-DC-001-RK-A02-RPDU-B,KA-DC-001,A02 rack PDU B,RACK_PDU,KA-DC-001-EQR,KA-DC-001-RK-A02,B,7.4,,230,,,ACTIVE
KA-DC-001-RK-A03-RPDU-A,KA-DC-001,A03 rack PDU A,RACK_PDU,KA-DC-001-EQR,KA-DC-001-RK-A03,A,7.4,,230,,,ACTIVE
KA-DC-001-RK-A03-RPDU-B,KA-DC-001,A03 rack PDU B,RACK_PDU,KA-DC-001-EQR,KA-DC-001-RK-A03,B,7.4,,230,,,ACTIVE
KA-DC-001-RK-A04-RPDU-A,KA-DC-001,A04 rack PDU A,RACK_PDU,KA-DC-001-EQR,KA-DC-001-RK-A04,A,7.4,,230,,,ACTIVE
KA-DC-001-RK-A04-RPDU-B,KA-DC-001,A04 rack PDU B,RACK_PDU,KA-DC-001-EQR,KA-DC-001-RK-A04,B,7.4,,230,,,ACTIVE
KA-DC-001-RK-A05-RPDU-A,KA-DC-001,A05 rack PDU A,RACK_PDU,KA-DC-001-EQR,KA-DC-001-RK-A05,A,7.4,,230,,,ACTIVE
KA-DC-001-RK-A05-RPDU-B,KA-DC-001,A05 rack PDU B,RACK_PDU,KA-DC-001-EQR,KA-DC-001-RK-A05,B,7.4,,230,,,ACTIVE
KA-DC-001-RK-B01-RPDU-A,KA-DC-001,B01 rack PDU A,RACK_PDU,KA-DC-001-EQR,KA-DC-001-RK-B01,A,7.4,,230,,,ACTIVE
KA-DC-001-RK-B01-RPDU-B,KA-DC-001,B01 rack PDU B,RACK_PDU,KA-DC-001-EQR,KA-DC-001-RK-B01,B,7.4,,230,,,ACTIVE
KA-DC-001-RK-B02-RPDU-A,KA-DC-001,B02 rack PDU A,RACK_PDU,KA-DC-001-EQR,KA-DC-001-RK-B02,A,7.4,,230,,,ACTIVE
KA-DC-001-RK-B02-RPDU-B,KA-DC-001,B02 rack PDU B,RACK_PDU,KA-DC-001-EQR,KA-DC-001-RK-B02,B,7.4,,230,,,ACTIVE
KA-DC-001-RK-B03-RPDU-A,KA-DC-001,B03 rack PDU A,RACK_PDU,KA-DC-001-EQR,KA-DC-001-RK-B03,A,7.4,,230,,,ACTIVE
KA-DC-001-RK-B03-RPDU-B,KA-DC-001,B03 rack PDU B,RACK_PDU,KA-DC-001-EQR,KA-DC-001-RK-B03,B,7.4,,230,,,ACTIVE
KA-DC-077-UTIL-A,KA-DC-077,Utility feed A (PSPCL 11 kV),UTILITY,,,A,50,,11000,,,ACTIVE
KA-DC-077-UTIL-B,KA-DC-077,Utility feed B (PSPCL 11 kV),UTILITY,,,B,50,,11000,,,ACTIVE
KA-DC-077-DG-01,KA-DC-077,DG-01,GENERATOR,KA-DC-077-PWR,,N,50,63,415,,,ACTIVE
KA-DC-077-ATS-A,KA-DC-077,ATS A,ATS,KA-DC-077-PWR,,A,50,,415,,,ACTIVE
KA-DC-077-UPS-A,KA-DC-077,UPS A,UPS,KA-DC-077-PWR,,A,40,40,,15,UPS 2N,ACTIVE
KA-DC-077-PDU-A,KA-DC-077,PDU A,PDU,KA-DC-077-EQR,,A,40,,415,,,ACTIVE
KA-DC-077-ATS-B,KA-DC-077,ATS B,ATS,KA-DC-077-PWR,,B,50,,415,,,ACTIVE
KA-DC-077-UPS-B,KA-DC-077,UPS B,UPS,KA-DC-077-PWR,,B,40,40,,15,UPS 2N,ACTIVE
KA-DC-077-PDU-B,KA-DC-077,PDU B,PDU,KA-DC-077-EQR,,B,40,,415,,,ACTIVE
KA-DC-077-RECT-01,KA-DC-077,Rectifier RECT-01 (−48 V),RECTIFIER,KA-DC-077-PWR,,N,7,,48,,,ACTIVE
KA-DC-077-BATT-01,KA-DC-077,Battery bank BATT-01 (48 V),BATTERY,KA-DC-077-PWR,,N,6,,,240,,ACTIVE
KA-DC-077-RK-A01-RPDU-A,KA-DC-077,A01 rack PDU A,RACK_PDU,KA-DC-077-EQR,KA-DC-077-RK-A01,A,7.4,,230,,,ACTIVE
KA-DC-077-RK-A01-RPDU-B,KA-DC-077,A01 rack PDU B,RACK_PDU,KA-DC-077-EQR,KA-DC-077-RK-A01,B,7.4,,230,,,ACTIVE
KA-DC-077-RK-A02-RPDU-A,KA-DC-077,A02 rack PDU A,RACK_PDU,KA-DC-077-EQR,KA-DC-077-RK-A02,A,7.4,,230,,,ACTIVE
KA-DC-077-RK-A02-RPDU-B,KA-DC-077,A02 rack PDU B,RACK_PDU,KA-DC-077-EQR,KA-DC-077-RK-A02,B,7.4,,230,,,ACTIVE
KA-DC-077-RK-A03-RPDU-A,KA-DC-077,A03 rack PDU A,RACK_PDU,KA-DC-077-EQR,KA-DC-077-RK-A03,A,7.4,,230,,,ACTIVE
KA-DC-077-RK-A03-RPDU-B,KA-DC-077,A03 rack PDU B,RACK_PDU,KA-DC-077-EQR,KA-DC-077-RK-A03,B,7.4,,230,,,ACTIVE
KA-DC-077-RK-A04-RPDU-A,KA-DC-077,A04 rack PDU A,RACK_PDU,KA-DC-077-EQR,KA-DC-077-RK-A04,A,7.4,,230,,,ACTIVE
KA-DC-077-RK-A04-RPDU-B,KA-DC-077,A04 rack PDU B,RACK_PDU,KA-DC-077-EQR,KA-DC-077-RK-A04,B,7.4,,230,,,ACTIVE
KA-DC-077-RK-B01-RPDU-A,KA-DC-077,B01 rack PDU A,RACK_PDU,KA-DC-077-EQR,KA-DC-077-RK-B01,A,7.4,,230,,,ACTIVE
KA-DC-077-RK-B01-RPDU-B,KA-DC-077,B01 rack PDU B,RACK_PDU,KA-DC-077-EQR,KA-DC-077-RK-B01,B,7.4,,230,,,ACTIVE
KA-DC-077-RK-B02-RPDU-A,KA-DC-077,B02 rack PDU A,RACK_PDU,KA-DC-077-EQR,KA-DC-077-RK-B02,A,7.4,,230,,,ACTIVE
KA-DC-077-RK-B02-RPDU-B,KA-DC-077,B02 rack PDU B,RACK_PDU,KA-DC-077-EQR,KA-DC-077-RK-B02,B,7.4,,230,,,ACTIVE
