SensorId,Name,Kind,RoomId,RowId,RackId,DeviceId,Position,LowThreshold,HighThreshold,Status
KA-DC-001-SEN-001,MDF ambient,TEMP_HUMIDITY,KA-DC-001-MDF,,,,ROOM,18,27,ACTIVE
KA-DC-001-SEN-002,MDF smoke,SMOKE,KA-DC-001-MDF,,,,CEILING,,,ACTIVE
KA-DC-001-SEN-003,MDF door,DOOR,KA-DC-001-MDF,,,,ROOM,,,ACTIVE
KA-DC-001-SEN-004,Power room ambient,TEMP_HUMIDITY,KA-DC-001-PWR,,,,ROOM,18,30,ACTIVE
KA-DC-001-SEN-005,Power room smoke,SMOKE,KA-DC-001-PWR,,,,CEILING,,,ACTIVE
KA-DC-001-SEN-006,Power room door,DOOR,KA-DC-001-PWR,,,,ROOM,,,ACTIVE
KA-DC-001-SEN-007,Equipment room ambient,TEMP_HUMIDITY,KA-DC-001-EQR,,,,ROOM,18,27,ACTIVE
KA-DC-001-SEN-008,Equipment room smoke,SMOKE,KA-DC-001-EQR,,,,CEILING,,,ACTIVE
KA-DC-001-SEN-009,Equipment room door,DOOR,KA-DC-001-EQR,,,,ROOM,,,ACTIVE
KA-DC-001-SEN-010,Battery area leak,LEAK,KA-DC-001-PWR,,,,UNDERFLOOR,,,ACTIVE
KA-DC-001-SEN-011,Equipment room underfloor leak,LEAK,KA-DC-001-EQR,,,,UNDERFLOOR,,,ACTIVE
KA-DC-001-SEN-012,A01 inlet,TEMPERATURE,KA-DC-001-EQR,KA-DC-001-EQR-A,KA-DC-001-RK-A01,,INLET,18,27,ACTIVE
KA-DC-001-SEN-013,A05 inlet,TEMPERATURE,KA-DC-001-EQR,KA-DC-001-EQR-A,KA-DC-001-RK-A05,,INLET,18,27,ACTIVE
KA-DC-001-SEN-014,B01 inlet,TEMPERATURE,KA-DC-001-EQR,KA-DC-001-EQR-B,KA-DC-001-RK-B01,,INLET,18,27,ACTIVE
KA-DC-001-SEN-015,B03 inlet,TEMPERATURE,KA-DC-001-EQR,KA-DC-001-EQR-B,KA-DC-001-RK-B03,,INLET,18,27,ACTIVE
KA-DC-077-SEN-001,MDF ambient,TEMP_HUMIDITY,KA-DC-077-MDF,,,,ROOM,18,27,ACTIVE
KA-DC-077-SEN-002,MDF smoke,SMOKE,KA-DC-077-MDF,,,,CEILING,,,ACTIVE
KA-DC-077-SEN-003,MDF door,DOOR,KA-DC-077-MDF,,,,ROOM,,,ACTIVE
KA-DC-077-SEN-004,Power room ambient,TEMP_HUMIDITY,KA-DC-077-PWR,,,,ROOM,18,30,ACTIVE
KA-DC-077-SEN-005,Power room smoke,SMOKE,KA-DC-077-PWR,,,,CEILING,,,ACTIVE
KA-DC-077-SEN-006,Power room door,DOOR,KA-DC-077-PWR,,,,ROOM,,,ACTIVE
KA-DC-077-SEN-007,Equipment room ambient,TEMP_HUMIDITY,KA-DC-077-EQR,,,,ROOM,18,27,ACTIVE
KA-DC-077-SEN-008,Equipment room smoke,SMOKE,KA-DC-077-EQR,,,,CEILING,,,ACTIVE
KA-DC-077-SEN-009,Equipment room door,DOOR,KA-DC-077-EQR,,,,ROOM,,,ACTIVE
KA-DC-077-SEN-010,Battery area leak,LEAK,KA-DC-077-PWR,,,,UNDERFLOOR,,,ACTIVE
KA-DC-077-SEN-011,Equipment room underfloor leak,LEAK,KA-DC-077-EQR,,,,UNDERFLOOR,,,ACTIVE
KA-DC-077-SEN-012,A01 inlet,TEMPERATURE,KA-DC-077-EQR,KA-DC-077-EQR-A,KA-DC-077-RK-A01,,INLET,18,27,ACTIVE
KA-DC-077-SEN-013,A04 inlet,TEMPERATURE,KA-DC-077-EQR,KA-DC-077-EQR-A,KA-DC-077-RK-A04,,INLET,18,27,ACTIVE
KA-DC-077-SEN-014,B01 inlet,TEMPERATURE,KA-DC-077-EQR,KA-DC-077-EQR-B,KA-DC-077-RK-B01,,INLET,18,27,ACTIVE
KA-DC-077-SEN-015,B02 inlet,TEMPERATURE,KA-DC-077-EQR,KA-DC-077-EQR-B,KA-DC-077-RK-B02,,INLET,18,27,ACTIVE
