PortId,DeviceId,Name,Kind,SpeedGbps,Media
MH-DC-005-PE-T4-01:xe-0/0/0,MH-DC-005-PE-T4-01,xe-0/0/0,FIBER,10,SFP+
MH-DC-005-ODF-01:F01,MH-DC-005-ODF-01,F01,FIBER,10,LC
MH-DC-005-PE-T4-01:xe-0/0/1,MH-DC-005-PE-T4-01,xe-0/0/1,FIBER,10,SFP+
MH-DC-005-PE-T4-01:ge-0/0/0,MH-DC-005-PE-T4-01,ge-0/0/0,ETHERNET,1,RJ45
MH-DC-005-PE-T4-02:xe-0/0/0,MH-DC-005-PE-T4-02,xe-0/0/0,FIBER,10,SFP+
MH-DC-005-ODF-01:F02,MH-DC-005-ODF-01,F02,FIBER,10,LC
MH-DC-005-PE-T4-02:xe-0/0/1,MH-DC-005-PE-T4-02,xe-0/0/1,FIBER,10,SFP+
MH-DC-005-PE-T4-02:ge-0/0/0,MH-DC-005-PE-T4-02,ge-0/0/0,ETHERNET,1,RJ45
MH-DC-005-PE-T4-03:xe-0/0/0,MH-DC-005-PE-T4-03,xe-0/0/0,FIBER,10,SFP+
MH-DC-005-ODF-01:F03,MH-DC-005-ODF-01,F03,FIBER,10,LC
MH-DC-005-PE-T4-03:xe-0/0/1,MH-DC-005-PE-T4-03,xe-0/0/1,FIBER,10,SFP+
MH-DC-005-PE-T4-03:ge-0/0/0,MH-DC-005-PE-T4-03,ge-0/0/0,ETHERNET,1,RJ45
MH-DC-005-PE-T4-04:xe-0/0/0,MH-DC-005-PE-T4-04,xe-0/0/0,FIBER,10,SFP+
MH-DC-005-ODF-01:F04,MH-DC-005-ODF-01,F04,FIBER,10,LC
MH-DC-005-PE-T4-04:xe-0/0/1,MH-DC-005-PE-T4-04,xe-0/0/1,FIBER,10,SFP+
MH-DC-005-PE-T4-04:ge-0/0/0,MH-DC-005-PE-T4-04,ge-0/0/0,ETHERNET,1,RJ45
MH-DC-005-PE-T4-05:xe-0/0/0,MH-DC-005-PE-T4-05,xe-0/0/0,FIBER,10,SFP+
MH-DC-005-ODF-01:F05,MH-DC-005-ODF-01,F05,FIBER,10,LC
MH-DC-005-PE-T4-05:xe-0/0/1,MH-DC-005-PE-T4-05,xe-0/0/1,FIBER,10,SFP+
MH-DC-005-PE-T4-05:ge-0/0/0,MH-DC-005-PE-T4-05,ge-0/0/0,ETHERNET,1,RJ45
MH-DC-005-PE-T4-06:xe-0/0/0,MH-DC-005-PE-T4-06,xe-0/0/0,FIBER,10,SFP+
MH-DC-005-ODF-01:F06,MH-DC-005-ODF-01,F06,FIBER,10,LC
MH-DC-005-PE-T4-06:xe-0/0/1,MH-DC-005-PE-T4-06,xe-0/0/1,FIBER,10,SFP+
MH-DC-005-PE-T4-06:ge-0/0/0,MH-DC-005-PE-T4-06,ge-0/0/0,ETHERNET,1,RJ45
MH-DC-005-PE-T4-07:xe-0/0/0,MH-DC-005-PE-T4-07,xe-0/0/0,FIBER,10,SFP+
MH-DC-005-ODF-01:F07,MH-DC-005-ODF-01,F07,FIBER,10,LC
MH-DC-005-PE-T4-07:xe-0/0/1,MH-DC-005-PE-T4-07,xe-0/0/1,FIBER,10,SFP+
MH-DC-005-PE-T4-07:ge-0/0/0,MH-DC-005-PE-T4-07,ge-0/0/0,ETHERNET,1,RJ45
MH-DC-005-PE-T4-08:xe-0/0/0,MH-DC-005-PE-T4-08,xe-0/0/0,FIBER,10,SFP+
MH-DC-005-ODF-01:F08,MH-DC-005-ODF-01,F08,FIBER,10,LC
MH-DC-005-PE-T4-08:xe-0/0/1,MH-DC-005-PE-T4-08,xe-0/0/1,FIBER,10,SFP+
MH-DC-005-PE-T4-08:ge-0/0/0,MH-DC-005-PE-T4-08,ge-0/0/0,ETHERNET,1,RJ45
MH-DC-005-PE-T4-09:xe-0/0/0,MH-DC-005-PE-T4-09,xe-0/0/0,FIBER,10,SFP+
MH-DC-005-ODF-01:F09,MH-DC-005-ODF-01,F09,FIBER,10,LC
MH-DC-005-PE-T4-09:xe-0/0/1,MH-DC-005-PE-T4-09,xe-0/0/1,FIBER,10,SFP+
MH-DC-005-PE-T4-09:ge-0/0/0,MH-DC-005-PE-T4-09,ge-0/0/0,ETHERNET,1,RJ45
MH-DC-005-PE-T4-10:xe-0/0/0,MH-DC-005-PE-T4-10,xe-0/0/0,FIBER,10,SFP+
MH-DC-005-ODF-01:F10,MH-DC-005-ODF-01,F10,FIBER,10,LC
MH-DC-005-PE-T4-10:xe-0/0/1,MH-DC-005-PE-T4-10,xe-0/0/1,FIBER,10,SFP+
MH-DC-005-PE-T4-10:ge-0/0/0,MH-DC-005-PE-T4-10,ge-0/0/0,ETHERNET,1,RJ45
MH-DC-005-PE-T4-11:xe-0/0/0,MH-DC-005-PE-T4-11,xe-0/0/0,FIBER,10,SFP+
MH-DC-005-ODF-01:F11,MH-DC-005-ODF-01,F11,FIBER,10,LC
MH-DC-005-PE-T4-11:xe-0/0/1,MH-DC-005-PE-T4-11,xe-0/0/1,FIBER,10,SFP+
MH-DC-005-PE-T4-11:ge-0/0/0,MH-DC-005-PE-T4-11,ge-0/0/0,ETHERNET,1,RJ45
MH-DC-005-PE-T4-12:xe-0/0/0,MH-DC-005-PE-T4-12,xe-0/0/0,FIBER,10,SFP+
MH-DC-005-ODF-01:F12,MH-DC-005-ODF-01,F12,FIBER,10,LC
MH-DC-005-PE-T4-12:xe-0/0/1,MH-DC-005-PE-T4-12,xe-0/0/1,FIBER,10,SFP+
MH-DC-005-PE-T4-12:ge-0/0/0,MH-DC-005-PE-T4-12,ge-0/0/0,ETHERNET,1,RJ45
MH-DC-005-PE-T4-13:xe-0/0/0,MH-DC-005-PE-T4-13,xe-0/0/0,FIBER,10,SFP+
MH-DC-005-ODF-01:F13,MH-DC-005-ODF-01,F13,FIBER,10,LC
MH-DC-005-PE-T4-13:xe-0/0/1,MH-DC-005-PE-T4-13,xe-0/0/1,FIBER,10,SFP+
MH-DC-005-PE-T4-13:ge-0/0/0,MH-DC-005-PE-T4-13,ge-0/0/0,ETHERNET,1,RJ45
MH-DC-005-PE-T4-14:xe-0/0/0,MH-DC-005-PE-T4-14,xe-0/0/0,FIBER,10,SFP+
MH-DC-005-ODF-01:F14,MH-DC-005-ODF-01,F14,FIBER,10,LC
MH-DC-005-PE-T4-14:xe-0/0/1,MH-DC-005-PE-T4-14,xe-0/0/1,FIBER,10,SFP+
MH-DC-005-PE-T4-14:ge-0/0/0,MH-DC-005-PE-T4-14,ge-0/0/0,ETHERNET,1,RJ45
MH-DC-005-PE-T4-15:xe-0/0/0,MH-DC-005-PE-T4-15,xe-0/0/0,FIBER,10,SFP+
MH-DC-005-ODF-01:F15,MH-DC-005-ODF-01,F15,FIBER,10,LC
MH-DC-005-PE-T4-15:xe-0/0/1,MH-DC-005-PE-T4-15,xe-0/0/1,FIBER,10,SFP+
MH-DC-005-PE-T4-15:ge-0/0/0,MH-DC-005-PE-T4-15,ge-0/0/0,ETHERNET,1,RJ45
MH-DC-005-PE-T4-16:xe-0/0/0,MH-DC-005-PE-T4-16,xe-0/0/0,FIBER,10,SFP+
MH-DC-005-ODF-01:F16,MH-DC-005-ODF-01,F16,FIBER,10,LC
MH-DC-005-PE-T4-16:xe-0/0/1,MH-DC-005-PE-T4-16,xe-0/0/1,FIBER,10,SFP+
MH-DC-005-PE-T4-16:ge-0/0/0,MH-DC-005-PE-T4-16,ge-0/0/0,ETHERNET,1,RJ45
MH-DC-005-PE-T4-17:xe-0/0/0,MH-DC-005-PE-T4-17,xe-0/0/0,FIBER,10,SFP+
MH-DC-005-ODF-01:F17,MH-DC-005-ODF-01,F17,FIBER,10,LC
MH-DC-005-PE-T4-17:xe-0/0/1,MH-DC-005-PE-T4-17,xe-0/0/1,FIBER,10,SFP+
MH-DC-005-PE-T4-17:ge-0/0/0,MH-DC-005-PE-T4-17,ge-0/0/0,ETHERNET,1,RJ45
MH-DC-005-PE-T4-18:xe-0/0/0,MH-DC-005-PE-T4-18,xe-0/0/0,FIBER,10,SFP+
MH-DC-005-ODF-01:F18,MH-DC-005-ODF-01,F18,FIBER,10,LC
MH-DC-005-PE-T4-18:xe-0/0/1,MH-DC-005-PE-T4-18,xe-0/0/1,FIBER,10,SFP+
MH-DC-005-PE-T4-18:ge-0/0/0,MH-DC-005-PE-T4-18,ge-0/0/0,ETHERNET,1,RJ45
MH-DC-005-PE-T4-19:xe-0/0/0,MH-DC-005-PE-T4-19,xe-0/0/0,FIBER,10,SFP+
MH-DC-005-ODF-01:F19,MH-DC-005-ODF-01,F19,FIBER,10,LC
MH-DC-005-PE-T4-19:xe-0/0/1,MH-DC-005-PE-T4-19,xe-0/0/1,FIBER,10,SFP+
MH-DC-005-PE-T4-19:ge-0/0/0,MH-DC-005-PE-T4-19,ge-0/0/0,ETHERNET,1,RJ45
MH-DC-005-PE-T4-20:xe-0/0/0,MH-DC-005-PE-T4-20,xe-0/0/0,FIBER,10,SFP+
MH-DC-005-ODF-01:F20,MH-DC-005-ODF-01,F20,FIBER,10,LC
MH-DC-005-PE-T4-20:xe-0/0/1,MH-DC-005-PE-T4-20,xe-0/0/1,FIBER,10,SFP+
MH-DC-005-PE-T4-20:ge-0/0/0,MH-DC-005-PE-T4-20,ge-0/0/0,ETHERNET,1,RJ45
MH-DC-005-PE-T4-21:xe-0/0/0,MH-DC-005-PE-T4-21,xe-0/0/0,FIBER,10,SFP+
MH-DC-005-ODF-01:F21,MH-DC-005-ODF-01,F21,FIBER,10,LC
MH-DC-005-PE-T4-21:xe-0/0/1,MH-DC-005-PE-T4-21,xe-0/0/1,FIBER,10,SFP+
MH-DC-005-PE-T4-21:ge-0/0/0,MH-DC-005-PE-T4-21,ge-0/0/0,ETHERNET,1,RJ45
MH-DC-005-PE-T4-22:xe-0/0/0,MH-DC-005-PE-T4-22,xe-0/0/0,FIBER,10,SFP+
MH-DC-005-ODF-01:F22,MH-DC-005-ODF-01,F22,FIBER,10,LC
MH-DC-005-PE-T4-22:xe-0/0/1,MH-DC-005-PE-T4-22,xe-0/0/1,FIBER,10,SFP+
MH-DC-005-PE-T4-22:ge-0/0/0,MH-DC-005-PE-T4-22,ge-0/0/0,ETHERNET,1,RJ45
MH-DC-005-PE-T4-23:xe-0/0/0,MH-DC-005-PE-T4-23,xe-0/0/0,FIBER,10,SFP+
MH-DC-005-ODF-01:F23,MH-DC-005-ODF-01,F23,FIBER,10,LC
MH-DC-005-PE-T4-23:xe-0/0/1,MH-DC-005-PE-T4-23,xe-0/0/1,FIBER,10,SFP+
MH-DC-005-PE-T4-23:ge-0/0/0,MH-DC-005-PE-T4-23,ge-0/0/0,ETHERNET,1,RJ45
MH-DC-005-PE-T4-24:xe-0/0/0,MH-DC-005-PE-T4-24,xe-0/0/0,FIBER,10,SFP+
MH-DC-005-ODF-01:F24,MH-DC-005-ODF-01,F24,FIBER,10,LC
MH-DC-005-PE-T4-24:xe-0/0/1,MH-DC-005-PE-T4-24,xe-0/0/1,FIBER,10,SFP+
MH-DC-005-PE-T4-24:ge-0/0/0,MH-DC-005-PE-T4-24,ge-0/0/0,ETHERNET,1,RJ45
MH-DC-005-PE-T4-25:xe-0/0/0,MH-DC-005-PE-T4-25,xe-0/0/0,FIBER,10,SFP+
MH-DC-005-ODF-01:F25,MH-DC-005-ODF-01,F25,FIBER,10,LC
MH-DC-005-PE-T4-25:xe-0/0/1,MH-DC-005-PE-T4-25,xe-0/0/1,FIBER,10,SFP+
MH-DC-005-PE-T4-25:ge-0/0/0,MH-DC-005-PE-T4-25,ge-0/0/0,ETHERNET,1,RJ45
MH-DC-005-PE-T4-26:xe-0/0/0,MH-DC-005-PE-T4-26,xe-0/0/0,FIBER,10,SFP+
MH-DC-005-ODF-01:F26,MH-DC-005-ODF-01,F26,FIBER,10,LC
MH-DC-005-PE-T4-26:xe-0/0/1,MH-DC-005-PE-T4-26,xe-0/0/1,FIBER,10,SFP+
MH-DC-005-PE-T4-26:ge-0/0/0,MH-DC-005-PE-T4-26,ge-0/0/0,ETHERNET,1,RJ45
MH-DC-005-PE-T4-27:xe-0/0/0,MH-DC-005-PE-T4-27,xe-0/0/0,FIBER,10,SFP+
MH-DC-005-ODF-01:F27,MH-DC-005-ODF-01,F27,FIBER,10,LC
MH-DC-005-PE-T4-27:xe-0/0/1,MH-DC-005-PE-T4-27,xe-0/0/1,FIBER,10,SFP+
MH-DC-005-PE-T4-27:ge-0/0/0,MH-DC-005-PE-T4-27,ge-0/0/0,ETHERNET,1,RJ45
MH-DC-005-PE-T4-28:xe-0/0/0,MH-DC-005-PE-T4-28,xe-0/0/0,FIBER,10,SFP+
MH-DC-005-ODF-01:F28,MH-DC-005-ODF-01,F28,FIBER,10,LC
MH-DC-005-PE-T4-28:xe-0/0/1,MH-DC-005-PE-T4-28,xe-0/0/1,FIBER,10,SFP+
MH-DC-005-PE-T4-28:ge-0/0/0,MH-DC-005-PE-T4-28,ge-0/0/0,ETHERNET,1,RJ45
MH-DC-005-PE-T4-29:xe-0/0/0,MH-DC-005-PE-T4-29,xe-0/0/0,FIBER,10,SFP+
MH-DC-005-ODF-01:F29,MH-DC-005-ODF-01,F29,FIBER,10,LC
MH-DC-005-PE-T4-29:xe-0/0/1,MH-DC-005-PE-T4-29,xe-0/0/1,FIBER,10,SFP+
MH-DC-005-PE-T4-29:ge-0/0/0,MH-DC-005-PE-T4-29,ge-0/0/0,ETHERNET,1,RJ45
MH-DC-005-T-CHR-01:Gi1/0/49,MH-DC-005-T-CHR-01,Gi1/0/49,FIBER,10,SFP+
MH-DC-005-T-CHR-01:Gi1/0/50,MH-DC-005-T-CHR-01,Gi1/0/50,FIBER,10,SFP+
MH-DC-005-T-CHR-02:Gi1/0/49,MH-DC-005-T-CHR-02,Gi1/0/49,FIBER,10,SFP+
MH-DC-005-T-CHR-02:Gi1/0/50,MH-DC-005-T-CHR-02,Gi1/0/50,FIBER,10,SFP+
MH-DC-005-T-CHR-03:Gi1/0/49,MH-DC-005-T-CHR-03,Gi1/0/49,FIBER,10,SFP+
MH-DC-005-T-CHR-03:Gi1/0/50,MH-DC-005-T-CHR-03,Gi1/0/50,FIBER,10,SFP+
MH-DC-005-T-CHR-04:Gi1/0/49,MH-DC-005-T-CHR-04,Gi1/0/49,FIBER,10,SFP+
MH-DC-005-T-CHR-04:Gi1/0/50,MH-DC-005-T-CHR-04,Gi1/0/50,FIBER,10,SFP+
MH-DC-005-T-CHR-05:Gi1/0/49,MH-DC-005-T-CHR-05,Gi1/0/49,FIBER,10,SFP+
MH-DC-005-T-CHR-05:Gi1/0/50,MH-DC-005-T-CHR-05,Gi1/0/50,FIBER,10,SFP+
MH-DC-005-T-CHR-06:Gi1/0/49,MH-DC-005-T-CHR-06,Gi1/0/49,FIBER,10,SFP+
MH-DC-005-T-CHR-06:Gi1/0/50,MH-DC-005-T-CHR-06,Gi1/0/50,FIBER,10,SFP+
MH-DC-005-T-CHR-07:Gi1/0/49,MH-DC-005-T-CHR-07,Gi1/0/49,FIBER,10,SFP+
MH-DC-005-T-CHR-07:Gi1/0/50,MH-DC-005-T-CHR-07,Gi1/0/50,FIBER,10,SFP+
MH-DC-005-T-CHR-08:Gi1/0/49,MH-DC-005-T-CHR-08,Gi1/0/49,FIBER,10,SFP+
MH-DC-005-T-CHR-08:Gi1/0/50,MH-DC-005-T-CHR-08,Gi1/0/50,FIBER,10,SFP+
MH-DC-005-T-CHR-09:Gi1/0/49,MH-DC-005-T-CHR-09,Gi1/0/49,FIBER,10,SFP+
MH-DC-005-T-CHR-09:Gi1/0/50,MH-DC-005-T-CHR-09,Gi1/0/50,FIBER,10,SFP+
MH-DC-005-T-CHR-10:Gi1/0/49,MH-DC-005-T-CHR-10,Gi1/0/49,FIBER,10,SFP+
MH-DC-005-T-CHR-10:Gi1/0/50,MH-DC-005-T-CHR-10,Gi1/0/50,FIBER,10,SFP+
MH-DC-005-T-CHR-11:Gi1/0/49,MH-DC-005-T-CHR-11,Gi1/0/49,FIBER,10,SFP+
MH-DC-005-T-CHR-11:Gi1/0/50,MH-DC-005-T-CHR-11,Gi1/0/50,FIBER,10,SFP+
MH-DC-005-T-CHR-12:Gi1/0/49,MH-DC-005-T-CHR-12,Gi1/0/49,FIBER,10,SFP+
MH-DC-005-T-CHR-12:Gi1/0/50,MH-DC-005-T-CHR-12,Gi1/0/50,FIBER,10,SFP+
MH-DC-005-T-CHR-13:Gi1/0/49,MH-DC-005-T-CHR-13,Gi1/0/49,FIBER,10,SFP+
MH-DC-005-T-CHR-13:Gi1/0/50,MH-DC-005-T-CHR-13,Gi1/0/50,FIBER,10,SFP+
MH-DC-005-T-CHR-14:Gi1/0/49,MH-DC-005-T-CHR-14,Gi1/0/49,FIBER,10,SFP+
MH-DC-005-T-CHR-14:Gi1/0/50,MH-DC-005-T-CHR-14,Gi1/0/50,FIBER,10,SFP+
MH-DC-005-T-CHR-15:Gi1/0/49,MH-DC-005-T-CHR-15,Gi1/0/49,FIBER,10,SFP+
MH-DC-005-T-CHR-15:Gi1/0/50,MH-DC-005-T-CHR-15,Gi1/0/50,FIBER,10,SFP+
MH-DC-005-T-CHR-16:Gi1/0/49,MH-DC-005-T-CHR-16,Gi1/0/49,FIBER,10,SFP+
MH-DC-005-T-CHR-16:Gi1/0/50,MH-DC-005-T-CHR-16,Gi1/0/50,FIBER,10,SFP+
MH-DC-005-T-CHR-17:Gi1/0/49,MH-DC-005-T-CHR-17,Gi1/0/49,FIBER,10,SFP+
MH-DC-005-T-CHR-17:Gi1/0/50,MH-DC-005-T-CHR-17,Gi1/0/50,FIBER,10,SFP+
MH-DC-005-T-CHR-18:Gi1/0/49,MH-DC-005-T-CHR-18,Gi1/0/49,FIBER,10,SFP+
MH-DC-005-T-CHR-18:Gi1/0/50,MH-DC-005-T-CHR-18,Gi1/0/50,FIBER,10,SFP+
MH-DC-005-T-CHR-19:Gi1/0/49,MH-DC-005-T-CHR-19,Gi1/0/49,FIBER,10,SFP+
MH-DC-005-T-CHR-19:Gi1/0/50,MH-DC-005-T-CHR-19,Gi1/0/50,FIBER,10,SFP+
MH-DC-005-OADM-100:NE-1,MH-DC-005-OADM-100,NE-1,FIBER,100,LC
MH-DC-005-ODF-04:F47,MH-DC-005-ODF-04,F47,FIBER,100,LC
MH-DC-005-OADM-120:NE-1,MH-DC-005-OADM-120,NE-1,FIBER,100,LC
MH-DC-005-ODF-04:F46,MH-DC-005-ODF-04,F46,FIBER,100,LC
MH-DC-006-PE-T4-01:xe-0/0/0,MH-DC-006-PE-T4-01,xe-0/0/0,FIBER,10,SFP+
MH-DC-006-ODF-01:F01,MH-DC-006-ODF-01,F01,FIBER,10,LC
MH-DC-006-PE-T4-01:xe-0/0/1,MH-DC-006-PE-T4-01,xe-0/0/1,FIBER,10,SFP+
MH-DC-006-PE-T4-01:ge-0/0/0,MH-DC-006-PE-T4-01,ge-0/0/0,ETHERNET,1,RJ45
MH-DC-006-PE-T4-02:xe-0/0/0,MH-DC-006-PE-T4-02,xe-0/0/0,FIBER,10,SFP+
MH-DC-006-ODF-01:F02,MH-DC-006-ODF-01,F02,FIBER,10,LC
MH-DC-006-PE-T4-02:xe-0/0/1,MH-DC-006-PE-T4-02,xe-0/0/1,FIBER,10,SFP+
MH-DC-006-PE-T4-02:ge-0/0/0,MH-DC-006-PE-T4-02,ge-0/0/0,ETHERNET,1,RJ45
MH-DC-006-PE-T4-03:xe-0/0/0,MH-DC-006-PE-T4-03,xe-0/0/0,FIBER,10,SFP+
MH-DC-006-ODF-01:F03,MH-DC-006-ODF-01,F03,FIBER,10,LC
MH-DC-006-PE-T4-03:xe-0/0/1,MH-DC-006-PE-T4-03,xe-0/0/1,FIBER,10,SFP+
MH-DC-006-PE-T4-03:ge-0/0/0,MH-DC-006-PE-T4-03,ge-0/0/0,ETHERNET,1,RJ45
MH-DC-006-PE-T4-04:xe-0/0/0,MH-DC-006-PE-T4-04,xe-0/0/0,FIBER,10,SFP+
MH-DC-006-ODF-01:F04,MH-DC-006-ODF-01,F04,FIBER,10,LC
MH-DC-006-PE-T4-04:xe-0/0/1,MH-DC-006-PE-T4-04,xe-0/0/1,FIBER,10,SFP+
MH-DC-006-PE-T4-04:ge-0/0/0,MH-DC-006-PE-T4-04,ge-0/0/0,ETHERNET,1,RJ45
MH-DC-006-PE-T4-05:xe-0/0/0,MH-DC-006-PE-T4-05,xe-0/0/0,FIBER,10,SFP+
MH-DC-006-ODF-01:F05,MH-DC-006-ODF-01,F05,FIBER,10,LC
MH-DC-006-PE-T4-05:xe-0/0/1,MH-DC-006-PE-T4-05,xe-0/0/1,FIBER,10,SFP+
MH-DC-006-PE-T4-05:ge-0/0/0,MH-DC-006-PE-T4-05,ge-0/0/0,ETHERNET,1,RJ45
MH-DC-006-PE-T4-06:xe-0/0/0,MH-DC-006-PE-T4-06,xe-0/0/0,FIBER,10,SFP+
MH-DC-006-ODF-01:F06,MH-DC-006-ODF-01,F06,FIBER,10,LC
MH-DC-006-PE-T4-06:xe-0/0/1,MH-DC-006-PE-T4-06,xe-0/0/1,FIBER,10,SFP+
MH-DC-006-PE-T4-06:ge-0/0/0,MH-DC-006-PE-T4-06,ge-0/0/0,ETHERNET,1,RJ45
MH-DC-006-PE-T4-07:xe-0/0/0,MH-DC-006-PE-T4-07,xe-0/0/0,FIBER,10,SFP+
MH-DC-006-ODF-01:F07,MH-DC-006-ODF-01,F07,FIBER,10,LC
MH-DC-006-PE-T4-07:xe-0/0/1,MH-DC-006-PE-T4-07,xe-0/0/1,FIBER,10,SFP+
MH-DC-006-PE-T4-07:ge-0/0/0,MH-DC-006-PE-T4-07,ge-0/0/0,ETHERNET,1,RJ45
MH-DC-006-PE-T4-08:xe-0/0/0,MH-DC-006-PE-T4-08,xe-0/0/0,FIBER,10,SFP+
MH-DC-006-ODF-01:F08,MH-DC-006-ODF-01,F08,FIBER,10,LC
MH-DC-006-PE-T4-08:xe-0/0/1,MH-DC-006-PE-T4-08,xe-0/0/1,FIBER,10,SFP+
MH-DC-006-PE-T4-08:ge-0/0/0,MH-DC-006-PE-T4-08,ge-0/0/0,ETHERNET,1,RJ45
MH-DC-006-PE-T4-09:xe-0/0/0,MH-DC-006-PE-T4-09,xe-0/0/0,FIBER,10,SFP+
MH-DC-006-ODF-01:F09,MH-DC-006-ODF-01,F09,FIBER,10,LC
MH-DC-006-PE-T4-09:xe-0/0/1,MH-DC-006-PE-T4-09,xe-0/0/1,FIBER,10,SFP+
MH-DC-006-PE-T4-09:ge-0/0/0,MH-DC-006-PE-T4-09,ge-0/0/0,ETHERNET,1,RJ45
MH-DC-006-PE-T4-10:xe-0/0/0,MH-DC-006-PE-T4-10,xe-0/0/0,FIBER,10,SFP+
MH-DC-006-ODF-01:F10,MH-DC-006-ODF-01,F10,FIBER,10,LC
MH-DC-006-PE-T4-10:xe-0/0/1,MH-DC-006-PE-T4-10,xe-0/0/1,FIBER,10,SFP+
MH-DC-006-PE-T4-10:ge-0/0/0,MH-DC-006-PE-T4-10,ge-0/0/0,ETHERNET,1,RJ45
MH-DC-006-PE-T4-11:xe-0/0/0,MH-DC-006-PE-T4-11,xe-0/0/0,FIBER,10,SFP+
MH-DC-006-ODF-01:F11,MH-DC-006-ODF-01,F11,FIBER,10,LC
MH-DC-006-PE-T4-11:xe-0/0/1,MH-DC-006-PE-T4-11,xe-0/0/1,FIBER,10,SFP+
MH-DC-006-PE-T4-11:ge-0/0/0,MH-DC-006-PE-T4-11,ge-0/0/0,ETHERNET,1,RJ45
MH-DC-006-PE-T4-12:xe-0/0/0,MH-DC-006-PE-T4-12,xe-0/0/0,FIBER,10,SFP+
MH-DC-006-ODF-01:F12,MH-DC-006-ODF-01,F12,FIBER,10,LC
MH-DC-006-PE-T4-12:xe-0/0/1,MH-DC-006-PE-T4-12,xe-0/0/1,FIBER,10,SFP+
MH-DC-006-PE-T4-12:ge-0/0/0,MH-DC-006-PE-T4-12,ge-0/0/0,ETHERNET,1,RJ45
MH-DC-006-PE-T4-13:xe-0/0/0,MH-DC-006-PE-T4-13,xe-0/0/0,FIBER,10,SFP+
MH-DC-006-ODF-01:F13,MH-DC-006-ODF-01,F13,FIBER,10,LC
MH-DC-006-PE-T4-13:xe-0/0/1,MH-DC-006-PE-T4-13,xe-0/0/1,FIBER,10,SFP+
MH-DC-006-PE-T4-13:ge-0/0/0,MH-DC-006-PE-T4-13,ge-0/0/0,ETHERNET,1,RJ45
MH-DC-006-PE-T4-14:xe-0/0/0,MH-DC-006-PE-T4-14,xe-0/0/0,FIBER,10,SFP+
MH-DC-006-ODF-01:F14,MH-DC-006-ODF-01,F14,FIBER,10,LC
MH-DC-006-PE-T4-14:xe-0/0/1,MH-DC-006-PE-T4-14,xe-0/0/1,FIBER,10,SFP+
MH-DC-006-PE-T4-14:ge-0/0/0,MH-DC-006-PE-T4-14,ge-0/0/0,ETHERNET,1,RJ45
MH-DC-006-PE-T4-15:xe-0/0/0,MH-DC-006-PE-T4-15,xe-0/0/0,FIBER,10,SFP+
MH-DC-006-ODF-01:F15,MH-DC-006-ODF-01,F15,FIBER,10,LC
MH-DC-006-PE-T4-15:xe-0/0/1,MH-DC-006-PE-T4-15,xe-0/0/1,FIBER,10,SFP+
MH-DC-006-PE-T4-15:ge-0/0/0,MH-DC-006-PE-T4-15,ge-0/0/0,ETHERNET,1,RJ45
MH-DC-006-PE-T4-16:xe-0/0/0,MH-DC-006-PE-T4-16,xe-0/0/0,FIBER,10,SFP+
MH-DC-006-ODF-01:F16,MH-DC-006-ODF-01,F16,FIBER,10,LC
MH-DC-006-PE-T4-16:xe-0/0/1,MH-DC-006-PE-T4-16,xe-0/0/1,FIBER,10,SFP+
MH-DC-006-PE-T4-16:ge-0/0/0,MH-DC-006-PE-T4-16,ge-0/0/0,ETHERNET,1,RJ45
MH-DC-006-PE-T4-17:xe-0/0/0,MH-DC-006-PE-T4-17,xe-0/0/0,FIBER,10,SFP+
MH-DC-006-ODF-01:F17,MH-DC-006-ODF-01,F17,FIBER,10,LC
MH-DC-006-PE-T4-17:xe-0/0/1,MH-DC-006-PE-T4-17,xe-0/0/1,FIBER,10,SFP+
MH-DC-006-PE-T4-17:ge-0/0/0,MH-DC-006-PE-T4-17,ge-0/0/0,ETHERNET,1,RJ45
MH-DC-006-PE-T4-18:xe-0/0/0,MH-DC-006-PE-T4-18,xe-0/0/0,FIBER,10,SFP+
MH-DC-006-ODF-01:F18,MH-DC-006-ODF-01,F18,FIBER,10,LC
MH-DC-006-PE-T4-18:xe-0/0/1,MH-DC-006-PE-T4-18,xe-0/0/1,FIBER,10,SFP+
MH-DC-006-PE-T4-18:ge-0/0/0,MH-DC-006-PE-T4-18,ge-0/0/0,ETHERNET,1,RJ45
MH-DC-006-PE-T4-19:xe-0/0/0,MH-DC-006-PE-T4-19,xe-0/0/0,FIBER,10,SFP+
MH-DC-006-ODF-01:F19,MH-DC-006-ODF-01,F19,FIBER,10,LC
MH-DC-006-PE-T4-19:xe-0/0/1,MH-DC-006-PE-T4-19,xe-0/0/1,FIBER,10,SFP+
MH-DC-006-PE-T4-19:ge-0/0/0,MH-DC-006-PE-T4-19,ge-0/0/0,ETHERNET,1,RJ45
MH-DC-006-PE-T4-20:xe-0/0/0,MH-DC-006-PE-T4-20,xe-0/0/0,FIBER,10,SFP+
MH-DC-006-ODF-01:F20,MH-DC-006-ODF-01,F20,FIBER,10,LC
MH-DC-006-PE-T4-20:xe-0/0/1,MH-DC-006-PE-T4-20,xe-0/0/1,FIBER,10,SFP+
MH-DC-006-PE-T4-20:ge-0/0/0,MH-DC-006-PE-T4-20,ge-0/0/0,ETHERNET,1,RJ45
MH-DC-006-PE-T4-21:xe-0/0/0,MH-DC-006-PE-T4-21,xe-0/0/0,FIBER,10,SFP+
MH-DC-006-ODF-01:F21,MH-DC-006-ODF-01,F21,FIBER,10,LC
MH-DC-006-PE-T4-21:xe-0/0/1,MH-DC-006-PE-T4-21,xe-0/0/1,FIBER,10,SFP+
MH-DC-006-PE-T4-21:ge-0/0/0,MH-DC-006-PE-T4-21,ge-0/0/0,ETHERNET,1,RJ45
MH-DC-006-PE-T4-22:xe-0/0/0,MH-DC-006-PE-T4-22,xe-0/0/0,FIBER,10,SFP+
MH-DC-006-ODF-01:F22,MH-DC-006-ODF-01,F22,FIBER,10,LC
MH-DC-006-PE-T4-22:xe-0/0/1,MH-DC-006-PE-T4-22,xe-0/0/1,FIBER,10,SFP+
MH-DC-006-PE-T4-22:ge-0/0/0,MH-DC-006-PE-T4-22,ge-0/0/0,ETHERNET,1,RJ45
MH-DC-006-PE-T4-23:xe-0/0/0,MH-DC-006-PE-T4-23,xe-0/0/0,FIBER,10,SFP+
MH-DC-006-ODF-01:F23,MH-DC-006-ODF-01,F23,FIBER,10,LC
MH-DC-006-PE-T4-23:xe-0/0/1,MH-DC-006-PE-T4-23,xe-0/0/1,FIBER,10,SFP+
MH-DC-006-PE-T4-23:ge-0/0/0,MH-DC-006-PE-T4-23,ge-0/0/0,ETHERNET,1,RJ45
MH-DC-006-PE-T4-24:xe-0/0/0,MH-DC-006-PE-T4-24,xe-0/0/0,FIBER,10,SFP+
MH-DC-006-ODF-01:F24,MH-DC-006-ODF-01,F24,FIBER,10,LC
MH-DC-006-PE-T4-24:xe-0/0/1,MH-DC-006-PE-T4-24,xe-0/0/1,FIBER,10,SFP+
MH-DC-006-PE-T4-24:ge-0/0/0,MH-DC-006-PE-T4-24,ge-0/0/0,ETHERNET,1,RJ45
MH-DC-006-PE-T4-25:xe-0/0/0,MH-DC-006-PE-T4-25,xe-0/0/0,FIBER,10,SFP+
MH-DC-006-ODF-01:F25,MH-DC-006-ODF-01,F25,FIBER,10,LC
MH-DC-006-PE-T4-25:xe-0/0/1,MH-DC-006-PE-T4-25,xe-0/0/1,FIBER,10,SFP+
MH-DC-006-PE-T4-25:ge-0/0/0,MH-DC-006-PE-T4-25,ge-0/0/0,ETHERNET,1,RJ45
MH-DC-006-PE-T4-26:xe-0/0/0,MH-DC-006-PE-T4-26,xe-0/0/0,FIBER,10,SFP+
MH-DC-006-ODF-01:F26,MH-DC-006-ODF-01,F26,FIBER,10,LC
MH-DC-006-PE-T4-26:xe-0/0/1,MH-DC-006-PE-T4-26,xe-0/0/1,FIBER,10,SFP+
MH-DC-006-PE-T4-26:ge-0/0/0,MH-DC-006-PE-T4-26,ge-0/0/0,ETHERNET,1,RJ45
MH-DC-006-PE-T4-27:xe-0/0/0,MH-DC-006-PE-T4-27,xe-0/0/0,FIBER,10,SFP+
MH-DC-006-ODF-01:F27,MH-DC-006-ODF-01,F27,FIBER,10,LC
MH-DC-006-PE-T4-27:xe-0/0/1,MH-DC-006-PE-T4-27,xe-0/0/1,FIBER,10,SFP+
MH-DC-006-PE-T4-27:ge-0/0/0,MH-DC-006-PE-T4-27,ge-0/0/0,ETHERNET,1,RJ45
MH-DC-006-PE-T4-28:xe-0/0/0,MH-DC-006-PE-T4-28,xe-0/0/0,FIBER,10,SFP+
MH-DC-006-ODF-01:F28,MH-DC-006-ODF-01,F28,FIBER,10,LC
MH-DC-006-PE-T4-28:xe-0/0/1,MH-DC-006-PE-T4-28,xe-0/0/1,FIBER,10,SFP+
MH-DC-006-PE-T4-28:ge-0/0/0,MH-DC-006-PE-T4-28,ge-0/0/0,ETHERNET,1,RJ45
MH-DC-006-PE-T4-29:xe-0/0/0,MH-DC-006-PE-T4-29,xe-0/0/0,FIBER,10,SFP+
MH-DC-006-ODF-01:F29,MH-DC-006-ODF-01,F29,FIBER,10,LC
MH-DC-006-PE-T4-29:xe-0/0/1,MH-DC-006-PE-T4-29,xe-0/0/1,FIBER,10,SFP+
MH-DC-006-PE-T4-29:ge-0/0/0,MH-DC-006-PE-T4-29,ge-0/0/0,ETHERNET,1,RJ45
MH-DC-006-PE-T4-30:xe-0/0/0,MH-DC-006-PE-T4-30,xe-0/0/0,FIBER,10,SFP+
MH-DC-006-ODF-01:F30,MH-DC-006-ODF-01,F30,FIBER,10,LC
MH-DC-006-PE-T4-30:xe-0/0/1,MH-DC-006-PE-T4-30,xe-0/0/1,FIBER,10,SFP+
MH-DC-006-PE-T4-30:ge-0/0/0,MH-DC-006-PE-T4-30,ge-0/0/0,ETHERNET,1,RJ45
MH-DC-006-PE-T4-31:xe-0/0/0,MH-DC-006-PE-T4-31,xe-0/0/0,FIBER,10,SFP+
MH-DC-006-ODF-01:F31,MH-DC-006-ODF-01,F31,FIBER,10,LC
MH-DC-006-PE-T4-31:xe-0/0/1,MH-DC-006-PE-T4-31,xe-0/0/1,FIBER,10,SFP+
MH-DC-006-PE-T4-31:ge-0/0/0,MH-DC-006-PE-T4-31,ge-0/0/0,ETHERNET,1,RJ45
MH-DC-006-PE-T4-32:xe-0/0/0,MH-DC-006-PE-T4-32,xe-0/0/0,FIBER,10,SFP+
MH-DC-006-ODF-01:F32,MH-DC-006-ODF-01,F32,FIBER,10,LC
MH-DC-006-PE-T4-32:xe-0/0/1,MH-DC-006-PE-T4-32,xe-0/0/1,FIBER,10,SFP+
MH-DC-006-PE-T4-32:ge-0/0/0,MH-DC-006-PE-T4-32,ge-0/0/0,ETHERNET,1,RJ45
MH-DC-006-PE-T4-33:xe-0/0/0,MH-DC-006-PE-T4-33,xe-0/0/0,FIBER,10,SFP+
MH-DC-006-ODF-01:F33,MH-DC-006-ODF-01,F33,FIBER,10,LC
MH-DC-006-PE-T4-33:xe-0/0/1,MH-DC-006-PE-T4-33,xe-0/0/1,FIBER,10,SFP+
MH-DC-006-PE-T4-33:ge-0/0/0,MH-DC-006-PE-T4-33,ge-0/0/0,ETHERNET,1,RJ45
MH-DC-006-PE-T4-34:xe-0/0/0,MH-DC-006-PE-T4-34,xe-0/0/0,FIBER,10,SFP+
MH-DC-006-ODF-01:F34,MH-DC-006-ODF-01,F34,FIBER,10,LC
MH-DC-006-PE-T4-34:xe-0/0/1,MH-DC-006-PE-T4-34,xe-0/0/1,FIBER,10,SFP+
MH-DC-006-PE-T4-34:ge-0/0/0,MH-DC-006-PE-T4-34,ge-0/0/0,ETHERNET,1,RJ45
MH-DC-006-PE-T4-35:xe-0/0/0,MH-DC-006-PE-T4-35,xe-0/0/0,FIBER,10,SFP+
MH-DC-006-ODF-01:F35,MH-DC-006-ODF-01,F35,FIBER,10,LC
MH-DC-006-PE-T4-35:xe-0/0/1,MH-DC-006-PE-T4-35,xe-0/0/1,FIBER,10,SFP+
MH-DC-006-PE-T4-35:ge-0/0/0,MH-DC-006-PE-T4-35,ge-0/0/0,ETHERNET,1,RJ45
MH-DC-006-PE-T4-36:xe-0/0/0,MH-DC-006-PE-T4-36,xe-0/0/0,FIBER,10,SFP+
MH-DC-006-ODF-01:F36,MH-DC-006-ODF-01,F36,FIBER,10,LC
MH-DC-006-PE-T4-36:xe-0/0/1,MH-DC-006-PE-T4-36,xe-0/0/1,FIBER,10,SFP+
MH-DC-006-PE-T4-36:ge-0/0/0,MH-DC-006-PE-T4-36,ge-0/0/0,ETHERNET,1,RJ45
MH-DC-006-PE-T4-37:xe-0/0/0,MH-DC-006-PE-T4-37,xe-0/0/0,FIBER,10,SFP+
MH-DC-006-ODF-01:F37,MH-DC-006-ODF-01,F37,FIBER,10,LC
MH-DC-006-PE-T4-37:xe-0/0/1,MH-DC-006-PE-T4-37,xe-0/0/1,FIBER,10,SFP+
MH-DC-006-PE-T4-37:ge-0/0/0,MH-DC-006-PE-T4-37,ge-0/0/0,ETHERNET,1,RJ45
MH-DC-006-PE-T4-38:xe-0/0/0,MH-DC-006-PE-T4-38,xe-0/0/0,FIBER,10,SFP+
MH-DC-006-ODF-01:F38,MH-DC-006-ODF-01,F38,FIBER,10,LC
MH-DC-006-PE-T4-38:xe-0/0/1,MH-DC-006-PE-T4-38,xe-0/0/1,FIBER,10,SFP+
MH-DC-006-PE-T4-38:ge-0/0/0,MH-DC-006-PE-T4-38,ge-0/0/0,ETHERNET,1,RJ45
MH-DC-006-PE-T4-39:xe-0/0/0,MH-DC-006-PE-T4-39,xe-0/0/0,FIBER,10,SFP+
MH-DC-006-ODF-01:F39,MH-DC-006-ODF-01,F39,FIBER,10,LC
MH-DC-006-PE-T4-39:xe-0/0/1,MH-DC-006-PE-T4-39,xe-0/0/1,FIBER,10,SFP+
MH-DC-006-PE-T4-39:ge-0/0/0,MH-DC-006-PE-T4-39,ge-0/0/0,ETHERNET,1,RJ45
MH-DC-006-PE-T4-40:xe-0/0/0,MH-DC-006-PE-T4-40,xe-0/0/0,FIBER,10,SFP+
MH-DC-006-ODF-01:F40,MH-DC-006-ODF-01,F40,FIBER,10,LC
MH-DC-006-PE-T4-40:xe-0/0/1,MH-DC-006-PE-T4-40,xe-0/0/1,FIBER,10,SFP+
MH-DC-006-PE-T4-40:ge-0/0/0,MH-DC-006-PE-T4-40,ge-0/0/0,ETHERNET,1,RJ45
MH-DC-006-PE-T4-41:xe-0/0/0,MH-DC-006-PE-T4-41,xe-0/0/0,FIBER,10,SFP+
MH-DC-006-ODF-01:F41,MH-DC-006-ODF-01,F41,FIBER,10,LC
MH-DC-006-PE-T4-41:xe-0/0/1,MH-DC-006-PE-T4-41,xe-0/0/1,FIBER,10,SFP+
MH-DC-006-PE-T4-41:ge-0/0/0,MH-DC-006-PE-T4-41,ge-0/0/0,ETHERNET,1,RJ45
MH-DC-006-PE-T4-42:xe-0/0/0,MH-DC-006-PE-T4-42,xe-0/0/0,FIBER,10,SFP+
MH-DC-006-ODF-01:F42,MH-DC-006-ODF-01,F42,FIBER,10,LC
MH-DC-006-PE-T4-42:xe-0/0/1,MH-DC-006-PE-T4-42,xe-0/0/1,FIBER,10,SFP+
MH-DC-006-PE-T4-42:ge-0/0/0,MH-DC-006-PE-T4-42,ge-0/0/0,ETHERNET,1,RJ45
MH-DC-006-PE-T4-43:xe-0/0/0,MH-DC-006-PE-T4-43,xe-0/0/0,FIBER,10,SFP+
MH-DC-006-ODF-01:F43,MH-DC-006-ODF-01,F43,FIBER,10,LC
MH-DC-006-PE-T4-43:xe-0/0/1,MH-DC-006-PE-T4-43,xe-0/0/1,FIBER,10,SFP+
MH-DC-006-PE-T4-43:ge-0/0/0,MH-DC-006-PE-T4-43,ge-0/0/0,ETHERNET,1,RJ45
MH-DC-006-PE-T4-44:xe-0/0/0,MH-DC-006-PE-T4-44,xe-0/0/0,FIBER,10,SFP+
MH-DC-006-ODF-01:F44,MH-DC-006-ODF-01,F44,FIBER,10,LC
MH-DC-006-PE-T4-44:xe-0/0/1,MH-DC-006-PE-T4-44,xe-0/0/1,FIBER,10,SFP+
MH-DC-006-PE-T4-44:ge-0/0/0,MH-DC-006-PE-T4-44,ge-0/0/0,ETHERNET,1,RJ45
MH-DC-006-PE-T4-45:xe-0/0/0,MH-DC-006-PE-T4-45,xe-0/0/0,FIBER,10,SFP+
MH-DC-006-ODF-01:F45,MH-DC-006-ODF-01,F45,FIBER,10,LC
MH-DC-006-PE-T4-45:xe-0/0/1,MH-DC-006-PE-T4-45,xe-0/0/1,FIBER,10,SFP+
MH-DC-006-PE-T4-45:ge-0/0/0,MH-DC-006-PE-T4-45,ge-0/0/0,ETHERNET,1,RJ45
MH-DC-006-PE-T4-46:xe-0/0/0,MH-DC-006-PE-T4-46,xe-0/0/0,FIBER,10,SFP+
MH-DC-006-ODF-01:F46,MH-DC-006-ODF-01,F46,FIBER,10,LC
MH-DC-006-PE-T4-46:xe-0/0/1,MH-DC-006-PE-T4-46,xe-0/0/1,FIBER,10,SFP+
MH-DC-006-PE-T4-46:ge-0/0/0,MH-DC-006-PE-T4-46,ge-0/0/0,ETHERNET,1,RJ45
MH-DC-006-PE-T4-47:xe-0/0/0,MH-DC-006-PE-T4-47,xe-0/0/0,FIBER,10,SFP+
MH-DC-006-ODF-01:F47,MH-DC-006-ODF-01,F47,FIBER,10,LC
MH-DC-006-PE-T4-47:xe-0/0/1,MH-DC-006-PE-T4-47,xe-0/0/1,FIBER,10,SFP+
MH-DC-006-PE-T4-47:ge-0/0/0,MH-DC-006-PE-T4-47,ge-0/0/0,ETHERNET,1,RJ45
MH-DC-006-PE-T4-48:xe-0/0/0,MH-DC-006-PE-T4-48,xe-0/0/0,FIBER,10,SFP+
MH-DC-006-ODF-01:F48,MH-DC-006-ODF-01,F48,FIBER,10,LC
MH-DC-006-PE-T4-48:xe-0/0/1,MH-DC-006-PE-T4-48,xe-0/0/1,FIBER,10,SFP+
MH-DC-006-PE-T4-48:ge-0/0/0,MH-DC-006-PE-T4-48,ge-0/0/0,ETHERNET,1,RJ45
MH-DC-006-PE-T4-49:xe-0/0/0,MH-DC-006-PE-T4-49,xe-0/0/0,FIBER,10,SFP+
MH-DC-006-ODF-02:F01,MH-DC-006-ODF-02,F01,FIBER,10,LC
MH-DC-006-PE-T4-49:xe-0/0/1,MH-DC-006-PE-T4-49,xe-0/0/1,FIBER,10,SFP+
MH-DC-006-PE-T4-49:ge-0/0/0,MH-DC-006-PE-T4-49,ge-0/0/0,ETHERNET,1,RJ45
MH-DC-006-PE-T4-50:xe-0/0/0,MH-DC-006-PE-T4-50,xe-0/0/0,FIBER,10,SFP+
MH-DC-006-ODF-02:F02,MH-DC-006-ODF-02,F02,FIBER,10,LC
MH-DC-006-PE-T4-50:xe-0/0/1,MH-DC-006-PE-T4-50,xe-0/0/1,FIBER,10,SFP+
MH-DC-006-PE-T4-50:ge-0/0/0,MH-DC-006-PE-T4-50,ge-0/0/0,ETHERNET,1,RJ45
MH-DC-006-PE-T4-51:xe-0/0/0,MH-DC-006-PE-T4-51,xe-0/0/0,FIBER,10,SFP+
MH-DC-006-ODF-02:F03,MH-DC-006-ODF-02,F03,FIBER,10,LC
MH-DC-006-PE-T4-51:xe-0/0/1,MH-DC-006-PE-T4-51,xe-0/0/1,FIBER,10,SFP+
MH-DC-006-PE-T4-51:ge-0/0/0,MH-DC-006-PE-T4-51,ge-0/0/0,ETHERNET,1,RJ45
MH-DC-006-PE-T4-52:xe-0/0/0,MH-DC-006-PE-T4-52,xe-0/0/0,FIBER,10,SFP+
MH-DC-006-ODF-02:F04,MH-DC-006-ODF-02,F04,FIBER,10,LC
MH-DC-006-PE-T4-52:xe-0/0/1,MH-DC-006-PE-T4-52,xe-0/0/1,FIBER,10,SFP+
MH-DC-006-PE-T4-52:ge-0/0/0,MH-DC-006-PE-T4-52,ge-0/0/0,ETHERNET,1,RJ45
MH-DC-006-PE-T4-53:xe-0/0/0,MH-DC-006-PE-T4-53,xe-0/0/0,FIBER,10,SFP+
MH-DC-006-ODF-02:F05,MH-DC-006-ODF-02,F05,FIBER,10,LC
MH-DC-006-PE-T4-53:xe-0/0/1,MH-DC-006-PE-T4-53,xe-0/0/1,FIBER,10,SFP+
MH-DC-006-PE-T4-53:ge-0/0/0,MH-DC-006-PE-T4-53,ge-0/0/0,ETHERNET,1,RJ45
MH-DC-006-PE-T4-54:xe-0/0/0,MH-DC-006-PE-T4-54,xe-0/0/0,FIBER,10,SFP+
MH-DC-006-ODF-02:F06,MH-DC-006-ODF-02,F06,FIBER,10,LC
MH-DC-006-PE-T4-54:xe-0/0/1,MH-DC-006-PE-T4-54,xe-0/0/1,FIBER,10,SFP+
MH-DC-006-PE-T4-54:ge-0/0/0,MH-DC-006-PE-T4-54,ge-0/0/0,ETHERNET,1,RJ45
MH-DC-006-PE-T4-55:xe-0/0/0,MH-DC-006-PE-T4-55,xe-0/0/0,FIBER,10,SFP+
MH-DC-006-ODF-02:F07,MH-DC-006-ODF-02,F07,FIBER,10,LC
MH-DC-006-PE-T4-55:xe-0/0/1,MH-DC-006-PE-T4-55,xe-0/0/1,FIBER,10,SFP+
MH-DC-006-PE-T4-55:ge-0/0/0,MH-DC-006-PE-T4-55,ge-0/0/0,ETHERNET,1,RJ45
MH-DC-006-PE-T4-56:xe-0/0/0,MH-DC-006-PE-T4-56,xe-0/0/0,FIBER,10,SFP+
MH-DC-006-ODF-02:F08,MH-DC-006-ODF-02,F08,FIBER,10,LC
MH-DC-006-PE-T4-56:xe-0/0/1,MH-DC-006-PE-T4-56,xe-0/0/1,FIBER,10,SFP+
MH-DC-006-PE-T4-56:ge-0/0/0,MH-DC-006-PE-T4-56,ge-0/0/0,ETHERNET,1,RJ45
MH-DC-006-PE-T4-57:xe-0/0/0,MH-DC-006-PE-T4-57,xe-0/0/0,FIBER,10,SFP+
MH-DC-006-ODF-02:F09,MH-DC-006-ODF-02,F09,FIBER,10,LC
MH-DC-006-PE-T4-57:xe-0/0/1,MH-DC-006-PE-T4-57,xe-0/0/1,FIBER,10,SFP+
MH-DC-006-PE-T4-57:ge-0/0/0,MH-DC-006-PE-T4-57,ge-0/0/0,ETHERNET,1,RJ45
MH-DC-006-PE-T4-58:xe-0/0/0,MH-DC-006-PE-T4-58,xe-0/0/0,FIBER,10,SFP+
MH-DC-006-ODF-02:F10,MH-DC-006-ODF-02,F10,FIBER,10,LC
MH-DC-006-PE-T4-58:xe-0/0/1,MH-DC-006-PE-T4-58,xe-0/0/1,FIBER,10,SFP+
MH-DC-006-PE-T4-58:ge-0/0/0,MH-DC-006-PE-T4-58,ge-0/0/0,ETHERNET,1,RJ45
MH-DC-006-PE-T4-59:xe-0/0/0,MH-DC-006-PE-T4-59,xe-0/0/0,FIBER,10,SFP+
MH-DC-006-ODF-02:F11,MH-DC-006-ODF-02,F11,FIBER,10,LC
MH-DC-006-PE-T4-59:xe-0/0/1,MH-DC-006-PE-T4-59,xe-0/0/1,FIBER,10,SFP+
MH-DC-006-PE-T4-59:ge-0/0/0,MH-DC-006-PE-T4-59,ge-0/0/0,ETHERNET,1,RJ45
MH-DC-006-PE-T4-60:xe-0/0/0,MH-DC-006-PE-T4-60,xe-0/0/0,FIBER,10,SFP+
MH-DC-006-ODF-02:F12,MH-DC-006-ODF-02,F12,FIBER,10,LC
MH-DC-006-PE-T4-60:xe-0/0/1,MH-DC-006-PE-T4-60,xe-0/0/1,FIBER,10,SFP+
MH-DC-006-PE-T4-60:ge-0/0/0,MH-DC-006-PE-T4-60,ge-0/0/0,ETHERNET,1,RJ45
MH-DC-006-PE-T4-61:xe-0/0/0,MH-DC-006-PE-T4-61,xe-0/0/0,FIBER,10,SFP+
MH-DC-006-ODF-02:F13,MH-DC-006-ODF-02,F13,FIBER,10,LC
MH-DC-006-PE-T4-61:xe-0/0/1,MH-DC-006-PE-T4-61,xe-0/0/1,FIBER,10,SFP+
MH-DC-006-PE-T4-61:ge-0/0/0,MH-DC-006-PE-T4-61,ge-0/0/0,ETHERNET,1,RJ45
MH-DC-006-PE-T4-62:xe-0/0/0,MH-DC-006-PE-T4-62,xe-0/0/0,FIBER,10,SFP+
MH-DC-006-ODF-02:F14,MH-DC-006-ODF-02,F14,FIBER,10,LC
MH-DC-006-PE-T4-62:xe-0/0/1,MH-DC-006-PE-T4-62,xe-0/0/1,FIBER,10,SFP+
MH-DC-006-PE-T4-62:ge-0/0/0,MH-DC-006-PE-T4-62,ge-0/0/0,ETHERNET,1,RJ45
MH-DC-006-PE-T4-63:xe-0/0/0,MH-DC-006-PE-T4-63,xe-0/0/0,FIBER,10,SFP+
MH-DC-006-ODF-02:F15,MH-DC-006-ODF-02,F15,FIBER,10,LC
MH-DC-006-PE-T4-63:xe-0/0/1,MH-DC-006-PE-T4-63,xe-0/0/1,FIBER,10,SFP+
MH-DC-006-PE-T4-63:ge-0/0/0,MH-DC-006-PE-T4-63,ge-0/0/0,ETHERNET,1,RJ45
MH-DC-006-PE-T4-64:xe-0/0/0,MH-DC-006-PE-T4-64,xe-0/0/0,FIBER,10,SFP+
MH-DC-006-ODF-02:F16,MH-DC-006-ODF-02,F16,FIBER,10,LC
MH-DC-006-PE-T4-64:xe-0/0/1,MH-DC-006-PE-T4-64,xe-0/0/1,FIBER,10,SFP+
MH-DC-006-PE-T4-64:ge-0/0/0,MH-DC-006-PE-T4-64,ge-0/0/0,ETHERNET,1,RJ45
MH-DC-006-PE-T4-65:xe-0/0/0,MH-DC-006-PE-T4-65,xe-0/0/0,FIBER,10,SFP+
MH-DC-006-ODF-02:F17,MH-DC-006-ODF-02,F17,FIBER,10,LC
MH-DC-006-PE-T4-65:xe-0/0/1,MH-DC-006-PE-T4-65,xe-0/0/1,FIBER,10,SFP+
MH-DC-006-PE-T4-65:ge-0/0/0,MH-DC-006-PE-T4-65,ge-0/0/0,ETHERNET,1,RJ45
MH-DC-006-PE-T4-66:xe-0/0/0,MH-DC-006-PE-T4-66,xe-0/0/0,FIBER,10,SFP+
MH-DC-006-ODF-02:F18,MH-DC-006-ODF-02,F18,FIBER,10,LC
MH-DC-006-PE-T4-66:xe-0/0/1,MH-DC-006-PE-T4-66,xe-0/0/1,FIBER,10,SFP+
MH-DC-006-PE-T4-66:ge-0/0/0,MH-DC-006-PE-T4-66,ge-0/0/0,ETHERNET,1,RJ45
MH-DC-006-PE-T4-67:xe-0/0/0,MH-DC-006-PE-T4-67,xe-0/0/0,FIBER,10,SFP+
MH-DC-006-ODF-02:F19,MH-DC-006-ODF-02,F19,FIBER,10,LC
MH-DC-006-PE-T4-67:xe-0/0/1,MH-DC-006-PE-T4-67,xe-0/0/1,FIBER,10,SFP+
MH-DC-006-PE-T4-67:ge-0/0/0,MH-DC-006-PE-T4-67,ge-0/0/0,ETHERNET,1,RJ45
MH-DC-006-PE-T4-68:xe-0/0/0,MH-DC-006-PE-T4-68,xe-0/0/0,FIBER,10,SFP+
MH-DC-006-ODF-02:F20,MH-DC-006-ODF-02,F20,FIBER,10,LC
MH-DC-006-PE-T4-68:xe-0/0/1,MH-DC-006-PE-T4-68,xe-0/0/1,FIBER,10,SFP+
MH-DC-006-PE-T4-68:ge-0/0/0,MH-DC-006-PE-T4-68,ge-0/0/0,ETHERNET,1,RJ45
MH-DC-006-PE-T4-69:xe-0/0/0,MH-DC-006-PE-T4-69,xe-0/0/0,FIBER,10,SFP+
MH-DC-006-ODF-02:F21,MH-DC-006-ODF-02,F21,FIBER,10,LC
MH-DC-006-PE-T4-69:xe-0/0/1,MH-DC-006-PE-T4-69,xe-0/0/1,FIBER,10,SFP+
MH-DC-006-PE-T4-69:ge-0/0/0,MH-DC-006-PE-T4-69,ge-0/0/0,ETHERNET,1,RJ45
MH-DC-006-PE-T4-70:xe-0/0/0,MH-DC-006-PE-T4-70,xe-0/0/0,FIBER,10,SFP+
MH-DC-006-ODF-02:F22,MH-DC-006-ODF-02,F22,FIBER,10,LC
MH-DC-006-PE-T4-70:xe-0/0/1,MH-DC-006-PE-T4-70,xe-0/0/1,FIBER,10,SFP+
MH-DC-006-PE-T4-70:ge-0/0/0,MH-DC-006-PE-T4-70,ge-0/0/0,ETHERNET,1,RJ45
MH-DC-006-PE-T4-71:xe-0/0/0,MH-DC-006-PE-T4-71,xe-0/0/0,FIBER,10,SFP+
MH-DC-006-ODF-02:F23,MH-DC-006-ODF-02,F23,FIBER,10,LC
MH-DC-006-PE-T4-71:xe-0/0/1,MH-DC-006-PE-T4-71,xe-0/0/1,FIBER,10,SFP+
MH-DC-006-PE-T4-71:ge-0/0/0,MH-DC-006-PE-T4-71,ge-0/0/0,ETHERNET,1,RJ45
MH-DC-006-PE-T4-72:xe-0/0/0,MH-DC-006-PE-T4-72,xe-0/0/0,FIBER,10,SFP+
MH-DC-006-ODF-02:F24,MH-DC-006-ODF-02,F24,FIBER,10,LC
MH-DC-006-PE-T4-72:xe-0/0/1,MH-DC-006-PE-T4-72,xe-0/0/1,FIBER,10,SFP+
MH-DC-006-PE-T4-72:ge-0/0/0,MH-DC-006-PE-T4-72,ge-0/0/0,ETHERNET,1,RJ45
MH-DC-006-PE-T4-73:xe-0/0/0,MH-DC-006-PE-T4-73,xe-0/0/0,FIBER,10,SFP+
MH-DC-006-ODF-02:F25,MH-DC-006-ODF-02,F25,FIBER,10,LC
MH-DC-006-PE-T4-73:xe-0/0/1,MH-DC-006-PE-T4-73,xe-0/0/1,FIBER,10,SFP+
MH-DC-006-PE-T4-73:ge-0/0/0,MH-DC-006-PE-T4-73,ge-0/0/0,ETHERNET,1,RJ45
MH-DC-006-PE-T4-74:xe-0/0/0,MH-DC-006-PE-T4-74,xe-0/0/0,FIBER,10,SFP+
MH-DC-006-ODF-02:F26,MH-DC-006-ODF-02,F26,FIBER,10,LC
MH-DC-006-PE-T4-74:xe-0/0/1,MH-DC-006-PE-T4-74,xe-0/0/1,FIBER,10,SFP+
MH-DC-006-PE-T4-74:ge-0/0/0,MH-DC-006-PE-T4-74,ge-0/0/0,ETHERNET,1,RJ45
MH-DC-006-PE-T4-75:xe-0/0/0,MH-DC-006-PE-T4-75,xe-0/0/0,FIBER,10,SFP+
MH-DC-006-ODF-02:F27,MH-DC-006-ODF-02,F27,FIBER,10,LC
MH-DC-006-PE-T4-75:xe-0/0/1,MH-DC-006-PE-T4-75,xe-0/0/1,FIBER,10,SFP+
MH-DC-006-PE-T4-75:ge-0/0/0,MH-DC-006-PE-T4-75,ge-0/0/0,ETHERNET,1,RJ45
MH-DC-006-PE-T4-76:xe-0/0/0,MH-DC-006-PE-T4-76,xe-0/0/0,FIBER,10,SFP+
MH-DC-006-ODF-02:F28,MH-DC-006-ODF-02,F28,FIBER,10,LC
MH-DC-006-PE-T4-76:xe-0/0/1,MH-DC-006-PE-T4-76,xe-0/0/1,FIBER,10,SFP+
MH-DC-006-PE-T4-76:ge-0/0/0,MH-DC-006-PE-T4-76,ge-0/0/0,ETHERNET,1,RJ45
MH-DC-006-PE-T4-77:xe-0/0/0,MH-DC-006-PE-T4-77,xe-0/0/0,FIBER,10,SFP+
MH-DC-006-ODF-02:F29,MH-DC-006-ODF-02,F29,FIBER,10,LC
MH-DC-006-PE-T4-77:xe-0/0/1,MH-DC-006-PE-T4-77,xe-0/0/1,FIBER,10,SFP+
MH-DC-006-PE-T4-77:ge-0/0/0,MH-DC-006-PE-T4-77,ge-0/0/0,ETHERNET,1,RJ45
MH-DC-006-PE-T4-78:xe-0/0/0,MH-DC-006-PE-T4-78,xe-0/0/0,FIBER,10,SFP+
MH-DC-006-ODF-02:F30,MH-DC-006-ODF-02,F30,FIBER,10,LC
MH-DC-006-PE-T4-78:xe-0/0/1,MH-DC-006-PE-T4-78,xe-0/0/1,FIBER,10,SFP+
MH-DC-006-PE-T4-78:ge-0/0/0,MH-DC-006-PE-T4-78,ge-0/0/0,ETHERNET,1,RJ45
MH-DC-006-PE-T4-79:xe-0/0/0,MH-DC-006-PE-T4-79,xe-0/0/0,FIBER,10,SFP+
MH-DC-006-ODF-02:F31,MH-DC-006-ODF-02,F31,FIBER,10,LC
MH-DC-006-PE-T4-79:xe-0/0/1,MH-DC-006-PE-T4-79,xe-0/0/1,FIBER,10,SFP+
MH-DC-006-PE-T4-79:ge-0/0/0,MH-DC-006-PE-T4-79,ge-0/0/0,ETHERNET,1,RJ45
MH-DC-006-PE-T4-80:xe-0/0/0,MH-DC-006-PE-T4-80,xe-0/0/0,FIBER,10,SFP+
MH-DC-006-ODF-02:F32,MH-DC-006-ODF-02,F32,FIBER,10,LC
MH-DC-006-PE-T4-80:xe-0/0/1,MH-DC-006-PE-T4-80,xe-0/0/1,FIBER,10,SFP+
MH-DC-006-PE-T4-80:ge-0/0/0,MH-DC-006-PE-T4-80,ge-0/0/0,ETHERNET,1,RJ45
MH-DC-006-PE-T4-81:xe-0/0/0,MH-DC-006-PE-T4-81,xe-0/0/0,FIBER,10,SFP+
MH-DC-006-ODF-02:F33,MH-DC-006-ODF-02,F33,FIBER,10,LC
MH-DC-006-PE-T4-81:xe-0/0/1,MH-DC-006-PE-T4-81,xe-0/0/1,FIBER,10,SFP+
MH-DC-006-PE-T4-81:ge-0/0/0,MH-DC-006-PE-T4-81,ge-0/0/0,ETHERNET,1,RJ45
MH-DC-006-PE-T4-82:xe-0/0/0,MH-DC-006-PE-T4-82,xe-0/0/0,FIBER,10,SFP+
MH-DC-006-ODF-02:F34,MH-DC-006-ODF-02,F34,FIBER,10,LC
MH-DC-006-PE-T4-82:xe-0/0/1,MH-DC-006-PE-T4-82,xe-0/0/1,FIBER,10,SFP+
MH-DC-006-PE-T4-82:ge-0/0/0,MH-DC-006-PE-T4-82,ge-0/0/0,ETHERNET,1,RJ45
MH-DC-006-PE-T4-83:xe-0/0/0,MH-DC-006-PE-T4-83,xe-0/0/0,FIBER,10,SFP+
MH-DC-006-ODF-02:F35,MH-DC-006-ODF-02,F35,FIBER,10,LC
MH-DC-006-PE-T4-83:xe-0/0/1,MH-DC-006-PE-T4-83,xe-0/0/1,FIBER,10,SFP+
MH-DC-006-PE-T4-83:ge-0/0/0,MH-DC-006-PE-T4-83,ge-0/0/0,ETHERNET,1,RJ45
MH-DC-006-PE-T4-84:xe-0/0/0,MH-DC-006-PE-T4-84,xe-0/0/0,FIBER,10,SFP+
MH-DC-006-ODF-02:F36,MH-DC-006-ODF-02,F36,FIBER,10,LC
MH-DC-006-PE-T4-84:xe-0/0/1,MH-DC-006-PE-T4-84,xe-0/0/1,FIBER,10,SFP+
MH-DC-006-PE-T4-84:ge-0/0/0,MH-DC-006-PE-T4-84,ge-0/0/0,ETHERNET,1,RJ45
MH-DC-006-PE-T4-85:xe-0/0/0,MH-DC-006-PE-T4-85,xe-0/0/0,FIBER,10,SFP+
MH-DC-006-ODF-02:F37,MH-DC-006-ODF-02,F37,FIBER,10,LC
MH-DC-006-PE-T4-85:xe-0/0/1,MH-DC-006-PE-T4-85,xe-0/0/1,FIBER,10,SFP+
MH-DC-006-PE-T4-85:ge-0/0/0,MH-DC-006-PE-T4-85,ge-0/0/0,ETHERNET,1,RJ45
MH-DC-006-PE-T4-86:xe-0/0/0,MH-DC-006-PE-T4-86,xe-0/0/0,FIBER,10,SFP+
MH-DC-006-ODF-02:F38,MH-DC-006-ODF-02,F38,FIBER,10,LC
MH-DC-006-PE-T4-86:xe-0/0/1,MH-DC-006-PE-T4-86,xe-0/0/1,FIBER,10,SFP+
MH-DC-006-PE-T4-86:ge-0/0/0,MH-DC-006-PE-T4-86,ge-0/0/0,ETHERNET,1,RJ45
MH-DC-006-PE-T4-87:xe-0/0/0,MH-DC-006-PE-T4-87,xe-0/0/0,FIBER,10,SFP+
MH-DC-006-ODF-02:F39,MH-DC-006-ODF-02,F39,FIBER,10,LC
MH-DC-006-PE-T4-87:xe-0/0/1,MH-DC-006-PE-T4-87,xe-0/0/1,FIBER,10,SFP+
MH-DC-006-PE-T4-87:ge-0/0/0,MH-DC-006-PE-T4-87,ge-0/0/0,ETHERNET,1,RJ45
MH-DC-006-PE-T4-88:xe-0/0/0,MH-DC-006-PE-T4-88,xe-0/0/0,FIBER,10,SFP+
MH-DC-006-ODF-02:F40,MH-DC-006-ODF-02,F40,FIBER,10,LC
MH-DC-006-PE-T4-88:xe-0/0/1,MH-DC-006-PE-T4-88,xe-0/0/1,FIBER,10,SFP+
MH-DC-006-PE-T4-88:ge-0/0/0,MH-DC-006-PE-T4-88,ge-0/0/0,ETHERNET,1,RJ45
MH-DC-006-PE-T4-89:xe-0/0/0,MH-DC-006-PE-T4-89,xe-0/0/0,FIBER,10,SFP+
MH-DC-006-ODF-02:F41,MH-DC-006-ODF-02,F41,FIBER,10,LC
MH-DC-006-PE-T4-89:xe-0/0/1,MH-DC-006-PE-T4-89,xe-0/0/1,FIBER,10,SFP+
MH-DC-006-PE-T4-89:ge-0/0/0,MH-DC-006-PE-T4-89,ge-0/0/0,ETHERNET,1,RJ45
MH-DC-006-PE-T4-90:xe-0/0/0,MH-DC-006-PE-T4-90,xe-0/0/0,FIBER,10,SFP+
MH-DC-006-ODF-02:F42,MH-DC-006-ODF-02,F42,FIBER,10,LC
MH-DC-006-PE-T4-90:xe-0/0/1,MH-DC-006-PE-T4-90,xe-0/0/1,FIBER,10,SFP+
MH-DC-006-PE-T4-90:ge-0/0/0,MH-DC-006-PE-T4-90,ge-0/0/0,ETHERNET,1,RJ45
MH-DC-006-PE-T4-91:xe-0/0/0,MH-DC-006-PE-T4-91,xe-0/0/0,FIBER,10,SFP+
MH-DC-006-ODF-02:F43,MH-DC-006-ODF-02,F43,FIBER,10,LC
MH-DC-006-PE-T4-91:xe-0/0/1,MH-DC-006-PE-T4-91,xe-0/0/1,FIBER,10,SFP+
MH-DC-006-PE-T4-91:ge-0/0/0,MH-DC-006-PE-T4-91,ge-0/0/0,ETHERNET,1,RJ45
MH-DC-006-PE-T4-92:xe-0/0/0,MH-DC-006-PE-T4-92,xe-0/0/0,FIBER,10,SFP+
MH-DC-006-ODF-02:F44,MH-DC-006-ODF-02,F44,FIBER,10,LC
MH-DC-006-PE-T4-92:xe-0/0/1,MH-DC-006-PE-T4-92,xe-0/0/1,FIBER,10,SFP+
MH-DC-006-PE-T4-92:ge-0/0/0,MH-DC-006-PE-T4-92,ge-0/0/0,ETHERNET,1,RJ45
MH-DC-006-PE-T4-93:xe-0/0/0,MH-DC-006-PE-T4-93,xe-0/0/0,FIBER,10,SFP+
MH-DC-006-ODF-02:F45,MH-DC-006-ODF-02,F45,FIBER,10,LC
MH-DC-006-PE-T4-93:xe-0/0/1,MH-DC-006-PE-T4-93,xe-0/0/1,FIBER,10,SFP+
MH-DC-006-PE-T4-93:ge-0/0/0,MH-DC-006-PE-T4-93,ge-0/0/0,ETHERNET,1,RJ45
MH-DC-006-PE-T4-94:xe-0/0/0,MH-DC-006-PE-T4-94,xe-0/0/0,FIBER,10,SFP+
MH-DC-006-ODF-02:F46,MH-DC-006-ODF-02,F46,FIBER,10,LC
MH-DC-006-PE-T4-94:xe-0/0/1,MH-DC-006-PE-T4-94,xe-0/0/1,FIBER,10,SFP+
MH-DC-006-PE-T4-94:ge-0/0/0,MH-DC-006-PE-T4-94,ge-0/0/0,ETHERNET,1,RJ45
MH-DC-006-PE-T4-95:xe-0/0/0,MH-DC-006-PE-T4-95,xe-0/0/0,FIBER,10,SFP+
MH-DC-006-ODF-02:F47,MH-DC-006-ODF-02,F47,FIBER,10,LC
MH-DC-006-PE-T4-95:xe-0/0/1,MH-DC-006-PE-T4-95,xe-0/0/1,FIBER,10,SFP+
MH-DC-006-PE-T4-95:ge-0/0/0,MH-DC-006-PE-T4-95,ge-0/0/0,ETHERNET,1,RJ45
MH-DC-006-PE-T4-96:xe-0/0/0,MH-DC-006-PE-T4-96,xe-0/0/0,FIBER,10,SFP+
MH-DC-006-ODF-02:F48,MH-DC-006-ODF-02,F48,FIBER,10,LC
MH-DC-006-PE-T4-96:xe-0/0/1,MH-DC-006-PE-T4-96,xe-0/0/1,FIBER,10,SFP+
MH-DC-006-PE-T4-96:ge-0/0/0,MH-DC-006-PE-T4-96,ge-0/0/0,ETHERNET,1,RJ45
MH-DC-006-PE-T4-97:xe-0/0/0,MH-DC-006-PE-T4-97,xe-0/0/0,FIBER,10,SFP+
MH-DC-006-ODF-03:F01,MH-DC-006-ODF-03,F01,FIBER,10,LC
MH-DC-006-PE-T4-97:xe-0/0/1,MH-DC-006-PE-T4-97,xe-0/0/1,FIBER,10,SFP+
MH-DC-006-PE-T4-97:ge-0/0/0,MH-DC-006-PE-T4-97,ge-0/0/0,ETHERNET,1,RJ45
MH-DC-006-PE-T4-98:xe-0/0/0,MH-DC-006-PE-T4-98,xe-0/0/0,FIBER,10,SFP+
MH-DC-006-ODF-03:F02,MH-DC-006-ODF-03,F02,FIBER,10,LC
MH-DC-006-PE-T4-98:xe-0/0/1,MH-DC-006-PE-T4-98,xe-0/0/1,FIBER,10,SFP+
MH-DC-006-PE-T4-98:ge-0/0/0,MH-DC-006-PE-T4-98,ge-0/0/0,ETHERNET,1,RJ45
MH-DC-006-PE-T4-99:xe-0/0/0,MH-DC-006-PE-T4-99,xe-0/0/0,FIBER,10,SFP+
MH-DC-006-ODF-03:F03,MH-DC-006-ODF-03,F03,FIBER,10,LC
MH-DC-006-PE-T4-99:xe-0/0/1,MH-DC-006-PE-T4-99,xe-0/0/1,FIBER,10,SFP+
MH-DC-006-PE-T4-99:ge-0/0/0,MH-DC-006-PE-T4-99,ge-0/0/0,ETHERNET,1,RJ45
MH-DC-006-PE-T4-100:xe-0/0/0,MH-DC-006-PE-T4-100,xe-0/0/0,FIBER,10,SFP+
MH-DC-006-ODF-03:F04,MH-DC-006-ODF-03,F04,FIBER,10,LC
MH-DC-006-PE-T4-100:xe-0/0/1,MH-DC-006-PE-T4-100,xe-0/0/1,FIBER,10,SFP+
MH-DC-006-PE-T4-100:ge-0/0/0,MH-DC-006-PE-T4-100,ge-0/0/0,ETHERNET,1,RJ45
MH-DC-006-PE-T4-101:xe-0/0/0,MH-DC-006-PE-T4-101,xe-0/0/0,FIBER,10,SFP+
MH-DC-006-ODF-03:F05,MH-DC-006-ODF-03,F05,FIBER,10,LC
MH-DC-006-PE-T4-101:xe-0/0/1,MH-DC-006-PE-T4-101,xe-0/0/1,FIBER,10,SFP+
MH-DC-006-PE-T4-101:ge-0/0/0,MH-DC-006-PE-T4-101,ge-0/0/0,ETHERNET,1,RJ45
MH-DC-006-PE-T4-102:xe-0/0/0,MH-DC-006-PE-T4-102,xe-0/0/0,FIBER,10,SFP+
MH-DC-006-ODF-03:F06,MH-DC-006-ODF-03,F06,FIBER,10,LC
MH-DC-006-PE-T4-102:xe-0/0/1,MH-DC-006-PE-T4-102,xe-0/0/1,FIBER,10,SFP+
MH-DC-006-PE-T4-102:ge-0/0/0,MH-DC-006-PE-T4-102,ge-0/0/0,ETHERNET,1,RJ45
MH-DC-006-PE-T4-103:xe-0/0/0,MH-DC-006-PE-T4-103,xe-0/0/0,FIBER,10,SFP+
MH-DC-006-ODF-03:F07,MH-DC-006-ODF-03,F07,FIBER,10,LC
MH-DC-006-PE-T4-103:xe-0/0/1,MH-DC-006-PE-T4-103,xe-0/0/1,FIBER,10,SFP+
MH-DC-006-PE-T4-103:ge-0/0/0,MH-DC-006-PE-T4-103,ge-0/0/0,ETHERNET,1,RJ45
MH-DC-006-T-CHR-01:Gi1/0/49,MH-DC-006-T-CHR-01,Gi1/0/49,FIBER,10,SFP+
MH-DC-006-T-CHR-01:Gi1/0/50,MH-DC-006-T-CHR-01,Gi1/0/50,FIBER,10,SFP+
MH-DC-006-T-CHR-02:Gi1/0/49,MH-DC-006-T-CHR-02,Gi1/0/49,FIBER,10,SFP+
MH-DC-006-T-CHR-02:Gi1/0/50,MH-DC-006-T-CHR-02,Gi1/0/50,FIBER,10,SFP+
MH-DC-006-T-CHR-03:Gi1/0/49,MH-DC-006-T-CHR-03,Gi1/0/49,FIBER,10,SFP+
MH-DC-006-T-CHR-03:Gi1/0/50,MH-DC-006-T-CHR-03,Gi1/0/50,FIBER,10,SFP+
MH-DC-006-T-CHR-04:Gi1/0/49,MH-DC-006-T-CHR-04,Gi1/0/49,FIBER,10,SFP+
MH-DC-006-T-CHR-04:Gi1/0/50,MH-DC-006-T-CHR-04,Gi1/0/50,FIBER,10,SFP+
MH-DC-006-T-CHR-05:Gi1/0/49,MH-DC-006-T-CHR-05,Gi1/0/49,FIBER,10,SFP+
MH-DC-006-T-CHR-05:Gi1/0/50,MH-DC-006-T-CHR-05,Gi1/0/50,FIBER,10,SFP+
MH-DC-006-T-CHR-06:Gi1/0/49,MH-DC-006-T-CHR-06,Gi1/0/49,FIBER,10,SFP+
MH-DC-006-T-CHR-06:Gi1/0/50,MH-DC-006-T-CHR-06,Gi1/0/50,FIBER,10,SFP+
MH-DC-006-T-CHR-07:Gi1/0/49,MH-DC-006-T-CHR-07,Gi1/0/49,FIBER,10,SFP+
MH-DC-006-T-CHR-07:Gi1/0/50,MH-DC-006-T-CHR-07,Gi1/0/50,FIBER,10,SFP+
MH-DC-006-T-CHR-08:Gi1/0/49,MH-DC-006-T-CHR-08,Gi1/0/49,FIBER,10,SFP+
MH-DC-006-T-CHR-08:Gi1/0/50,MH-DC-006-T-CHR-08,Gi1/0/50,FIBER,10,SFP+
MH-DC-006-T-CHR-09:Gi1/0/49,MH-DC-006-T-CHR-09,Gi1/0/49,FIBER,10,SFP+
MH-DC-006-T-CHR-09:Gi1/0/50,MH-DC-006-T-CHR-09,Gi1/0/50,FIBER,10,SFP+
MH-DC-006-T-CHR-10:Gi1/0/49,MH-DC-006-T-CHR-10,Gi1/0/49,FIBER,10,SFP+
MH-DC-006-T-CHR-10:Gi1/0/50,MH-DC-006-T-CHR-10,Gi1/0/50,FIBER,10,SFP+
MH-DC-006-T-CHR-11:Gi1/0/49,MH-DC-006-T-CHR-11,Gi1/0/49,FIBER,10,SFP+
MH-DC-006-T-CHR-11:Gi1/0/50,MH-DC-006-T-CHR-11,Gi1/0/50,FIBER,10,SFP+
MH-DC-006-T-CHR-12:Gi1/0/49,MH-DC-006-T-CHR-12,Gi1/0/49,FIBER,10,SFP+
MH-DC-006-T-CHR-12:Gi1/0/50,MH-DC-006-T-CHR-12,Gi1/0/50,FIBER,10,SFP+
MH-DC-006-T-CHR-13:Gi1/0/49,MH-DC-006-T-CHR-13,Gi1/0/49,FIBER,10,SFP+
MH-DC-006-T-CHR-13:Gi1/0/50,MH-DC-006-T-CHR-13,Gi1/0/50,FIBER,10,SFP+
MH-DC-006-T-CHR-14:Gi1/0/49,MH-DC-006-T-CHR-14,Gi1/0/49,FIBER,10,SFP+
MH-DC-006-T-CHR-14:Gi1/0/50,MH-DC-006-T-CHR-14,Gi1/0/50,FIBER,10,SFP+
MH-DC-006-T-CHR-15:Gi1/0/49,MH-DC-006-T-CHR-15,Gi1/0/49,FIBER,10,SFP+
MH-DC-006-T-CHR-15:Gi1/0/50,MH-DC-006-T-CHR-15,Gi1/0/50,FIBER,10,SFP+
MH-DC-006-T-CHR-16:Gi1/0/49,MH-DC-006-T-CHR-16,Gi1/0/49,FIBER,10,SFP+
MH-DC-006-T-CHR-16:Gi1/0/50,MH-DC-006-T-CHR-16,Gi1/0/50,FIBER,10,SFP+
MH-DC-006-T-CHR-17:Gi1/0/49,MH-DC-006-T-CHR-17,Gi1/0/49,FIBER,10,SFP+
MH-DC-006-T-CHR-17:Gi1/0/50,MH-DC-006-T-CHR-17,Gi1/0/50,FIBER,10,SFP+
MH-DC-006-T-CHR-18:Gi1/0/49,MH-DC-006-T-CHR-18,Gi1/0/49,FIBER,10,SFP+
MH-DC-006-T-CHR-18:Gi1/0/50,MH-DC-006-T-CHR-18,Gi1/0/50,FIBER,10,SFP+
MH-DC-006-T-CHR-19:Gi1/0/49,MH-DC-006-T-CHR-19,Gi1/0/49,FIBER,10,SFP+
MH-DC-006-T-CHR-19:Gi1/0/50,MH-DC-006-T-CHR-19,Gi1/0/50,FIBER,10,SFP+
MH-DC-006-T-CHR-20:Gi1/0/49,MH-DC-006-T-CHR-20,Gi1/0/49,FIBER,10,SFP+
MH-DC-006-T-CHR-20:Gi1/0/50,MH-DC-006-T-CHR-20,Gi1/0/50,FIBER,10,SFP+
MH-DC-006-T-CHR-21:Gi1/0/49,MH-DC-006-T-CHR-21,Gi1/0/49,FIBER,10,SFP+
MH-DC-006-T-CHR-21:Gi1/0/50,MH-DC-006-T-CHR-21,Gi1/0/50,FIBER,10,SFP+
MH-DC-006-T-CHR-22:Gi1/0/49,MH-DC-006-T-CHR-22,Gi1/0/49,FIBER,10,SFP+
MH-DC-006-T-CHR-22:Gi1/0/50,MH-DC-006-T-CHR-22,Gi1/0/50,FIBER,10,SFP+
MH-DC-006-T-CHR-23:Gi1/0/49,MH-DC-006-T-CHR-23,Gi1/0/49,FIBER,10,SFP+
MH-DC-006-T-CHR-23:Gi1/0/50,MH-DC-006-T-CHR-23,Gi1/0/50,FIBER,10,SFP+
MH-DC-006-T-CHR-24:Gi1/0/49,MH-DC-006-T-CHR-24,Gi1/0/49,FIBER,10,SFP+
MH-DC-006-T-CHR-24:Gi1/0/50,MH-DC-006-T-CHR-24,Gi1/0/50,FIBER,10,SFP+
MH-DC-006-T-CHR-25:Gi1/0/49,MH-DC-006-T-CHR-25,Gi1/0/49,FIBER,10,SFP+
MH-DC-006-T-CHR-25:Gi1/0/50,MH-DC-006-T-CHR-25,Gi1/0/50,FIBER,10,SFP+
MH-DC-006-T-CHR-26:Gi1/0/49,MH-DC-006-T-CHR-26,Gi1/0/49,FIBER,10,SFP+
MH-DC-006-T-CHR-26:Gi1/0/50,MH-DC-006-T-CHR-26,Gi1/0/50,FIBER,10,SFP+
MH-DC-006-T-CHR-27:Gi1/0/49,MH-DC-006-T-CHR-27,Gi1/0/49,FIBER,10,SFP+
MH-DC-006-T-CHR-27:Gi1/0/50,MH-DC-006-T-CHR-27,Gi1/0/50,FIBER,10,SFP+
MH-DC-006-T-CHR-28:Gi1/0/49,MH-DC-006-T-CHR-28,Gi1/0/49,FIBER,10,SFP+
MH-DC-006-T-CHR-28:Gi1/0/50,MH-DC-006-T-CHR-28,Gi1/0/50,FIBER,10,SFP+
MH-DC-006-T-CHR-29:Gi1/0/49,MH-DC-006-T-CHR-29,Gi1/0/49,FIBER,10,SFP+
MH-DC-006-T-CHR-29:Gi1/0/50,MH-DC-006-T-CHR-29,Gi1/0/50,FIBER,10,SFP+
MH-DC-006-T-CHR-30:Gi1/0/49,MH-DC-006-T-CHR-30,Gi1/0/49,FIBER,10,SFP+
MH-DC-006-T-CHR-30:Gi1/0/50,MH-DC-006-T-CHR-30,Gi1/0/50,FIBER,10,SFP+
MH-DC-006-T-CHR-31:Gi1/0/49,MH-DC-006-T-CHR-31,Gi1/0/49,FIBER,10,SFP+
MH-DC-006-T-CHR-31:Gi1/0/50,MH-DC-006-T-CHR-31,Gi1/0/50,FIBER,10,SFP+
MH-DC-006-T-CHR-32:Gi1/0/49,MH-DC-006-T-CHR-32,Gi1/0/49,FIBER,10,SFP+
MH-DC-006-T-CHR-32:Gi1/0/50,MH-DC-006-T-CHR-32,Gi1/0/50,FIBER,10,SFP+
MH-DC-006-T-CHR-33:Gi1/0/49,MH-DC-006-T-CHR-33,Gi1/0/49,FIBER,10,SFP+
MH-DC-006-T-CHR-33:Gi1/0/50,MH-DC-006-T-CHR-33,Gi1/0/50,FIBER,10,SFP+
MH-DC-006-T-CHR-34:Gi1/0/49,MH-DC-006-T-CHR-34,Gi1/0/49,FIBER,10,SFP+
MH-DC-006-T-CHR-34:Gi1/0/50,MH-DC-006-T-CHR-34,Gi1/0/50,FIBER,10,SFP+
MH-DC-006-T-CHR-35:Gi1/0/49,MH-DC-006-T-CHR-35,Gi1/0/49,FIBER,10,SFP+
MH-DC-006-T-CHR-35:Gi1/0/50,MH-DC-006-T-CHR-35,Gi1/0/50,FIBER,10,SFP+
MH-DC-006-T-CHR-36:Gi1/0/49,MH-DC-006-T-CHR-36,Gi1/0/49,FIBER,10,SFP+
MH-DC-006-T-CHR-36:Gi1/0/50,MH-DC-006-T-CHR-36,Gi1/0/50,FIBER,10,SFP+
MH-DC-006-T-CHR-37:Gi1/0/49,MH-DC-006-T-CHR-37,Gi1/0/49,FIBER,10,SFP+
MH-DC-006-T-CHR-37:Gi1/0/50,MH-DC-006-T-CHR-37,Gi1/0/50,FIBER,10,SFP+
MH-DC-006-T-CHR-38:Gi1/0/49,MH-DC-006-T-CHR-38,Gi1/0/49,FIBER,10,SFP+
MH-DC-006-T-CHR-38:Gi1/0/50,MH-DC-006-T-CHR-38,Gi1/0/50,FIBER,10,SFP+
MH-DC-006-T-CHR-39:Gi1/0/49,MH-DC-006-T-CHR-39,Gi1/0/49,FIBER,10,SFP+
MH-DC-006-T-CHR-39:Gi1/0/50,MH-DC-006-T-CHR-39,Gi1/0/50,FIBER,10,SFP+
MH-DC-006-T-CHR-40:Gi1/0/49,MH-DC-006-T-CHR-40,Gi1/0/49,FIBER,10,SFP+
MH-DC-006-T-CHR-40:Gi1/0/50,MH-DC-006-T-CHR-40,Gi1/0/50,FIBER,10,SFP+
MH-DC-006-T-CHR-41:Gi1/0/49,MH-DC-006-T-CHR-41,Gi1/0/49,FIBER,10,SFP+
MH-DC-006-T-CHR-41:Gi1/0/50,MH-DC-006-T-CHR-41,Gi1/0/50,FIBER,10,SFP+
MH-DC-006-T-CHR-42:Gi1/0/49,MH-DC-006-T-CHR-42,Gi1/0/49,FIBER,10,SFP+
MH-DC-006-T-CHR-42:Gi1/0/50,MH-DC-006-T-CHR-42,Gi1/0/50,FIBER,10,SFP+
MH-DC-006-T-CHR-43:Gi1/0/49,MH-DC-006-T-CHR-43,Gi1/0/49,FIBER,10,SFP+
MH-DC-006-T-CHR-43:Gi1/0/50,MH-DC-006-T-CHR-43,Gi1/0/50,FIBER,10,SFP+
MH-DC-006-T-CHR-44:Gi1/0/49,MH-DC-006-T-CHR-44,Gi1/0/49,FIBER,10,SFP+
MH-DC-006-T-CHR-44:Gi1/0/50,MH-DC-006-T-CHR-44,Gi1/0/50,FIBER,10,SFP+
MH-DC-006-T-CHR-45:Gi1/0/49,MH-DC-006-T-CHR-45,Gi1/0/49,FIBER,10,SFP+
MH-DC-006-T-CHR-45:Gi1/0/50,MH-DC-006-T-CHR-45,Gi1/0/50,FIBER,10,SFP+
MH-DC-006-T-CHR-46:Gi1/0/49,MH-DC-006-T-CHR-46,Gi1/0/49,FIBER,10,SFP+
MH-DC-006-T-CHR-46:Gi1/0/50,MH-DC-006-T-CHR-46,Gi1/0/50,FIBER,10,SFP+
MH-DC-006-T-CHR-47:Gi1/0/49,MH-DC-006-T-CHR-47,Gi1/0/49,FIBER,10,SFP+
MH-DC-006-T-CHR-47:Gi1/0/50,MH-DC-006-T-CHR-47,Gi1/0/50,FIBER,10,SFP+
MH-DC-006-T-CHR-48:Gi1/0/49,MH-DC-006-T-CHR-48,Gi1/0/49,FIBER,10,SFP+
MH-DC-006-T-CHR-48:Gi1/0/50,MH-DC-006-T-CHR-48,Gi1/0/50,FIBER,10,SFP+
MH-DC-006-T-CHR-49:Gi1/0/49,MH-DC-006-T-CHR-49,Gi1/0/49,FIBER,10,SFP+
MH-DC-006-T-CHR-49:Gi1/0/50,MH-DC-006-T-CHR-49,Gi1/0/50,FIBER,10,SFP+
MH-DC-006-T-CHR-50:Gi1/0/49,MH-DC-006-T-CHR-50,Gi1/0/49,FIBER,10,SFP+
MH-DC-006-T-CHR-50:Gi1/0/50,MH-DC-006-T-CHR-50,Gi1/0/50,FIBER,10,SFP+
MH-DC-006-T-CHR-51:Gi1/0/49,MH-DC-006-T-CHR-51,Gi1/0/49,FIBER,10,SFP+
MH-DC-006-T-CHR-51:Gi1/0/50,MH-DC-006-T-CHR-51,Gi1/0/50,FIBER,10,SFP+
MH-DC-006-T-CHR-52:Gi1/0/49,MH-DC-006-T-CHR-52,Gi1/0/49,FIBER,10,SFP+
MH-DC-006-T-CHR-52:Gi1/0/50,MH-DC-006-T-CHR-52,Gi1/0/50,FIBER,10,SFP+
MH-DC-006-T-CHR-53:Gi1/0/49,MH-DC-006-T-CHR-53,Gi1/0/49,FIBER,10,SFP+
MH-DC-006-T-CHR-53:Gi1/0/50,MH-DC-006-T-CHR-53,Gi1/0/50,FIBER,10,SFP+
MH-DC-006-T-CHR-54:Gi1/0/49,MH-DC-006-T-CHR-54,Gi1/0/49,FIBER,10,SFP+
MH-DC-006-T-CHR-54:Gi1/0/50,MH-DC-006-T-CHR-54,Gi1/0/50,FIBER,10,SFP+
MH-DC-006-T-CHR-55:Gi1/0/49,MH-DC-006-T-CHR-55,Gi1/0/49,FIBER,10,SFP+
MH-DC-006-T-CHR-55:Gi1/0/50,MH-DC-006-T-CHR-55,Gi1/0/50,FIBER,10,SFP+
MH-DC-006-T-CHR-56:Gi1/0/49,MH-DC-006-T-CHR-56,Gi1/0/49,FIBER,10,SFP+
MH-DC-006-T-CHR-56:Gi1/0/50,MH-DC-006-T-CHR-56,Gi1/0/50,FIBER,10,SFP+
MH-DC-006-T-CHR-57:Gi1/0/49,MH-DC-006-T-CHR-57,Gi1/0/49,FIBER,10,SFP+
MH-DC-006-T-CHR-57:Gi1/0/50,MH-DC-006-T-CHR-57,Gi1/0/50,FIBER,10,SFP+
MH-DC-006-T-CHR-58:Gi1/0/49,MH-DC-006-T-CHR-58,Gi1/0/49,FIBER,10,SFP+
MH-DC-006-T-CHR-58:Gi1/0/50,MH-DC-006-T-CHR-58,Gi1/0/50,FIBER,10,SFP+
MH-DC-006-T-CHR-59:Gi1/0/49,MH-DC-006-T-CHR-59,Gi1/0/49,FIBER,10,SFP+
MH-DC-006-T-CHR-59:Gi1/0/50,MH-DC-006-T-CHR-59,Gi1/0/50,FIBER,10,SFP+
MH-DC-006-T-CHR-60:Gi1/0/49,MH-DC-006-T-CHR-60,Gi1/0/49,FIBER,10,SFP+
MH-DC-006-T-CHR-60:Gi1/0/50,MH-DC-006-T-CHR-60,Gi1/0/50,FIBER,10,SFP+
MH-DC-006-T-CHR-61:Gi1/0/49,MH-DC-006-T-CHR-61,Gi1/0/49,FIBER,10,SFP+
MH-DC-006-T-CHR-61:Gi1/0/50,MH-DC-006-T-CHR-61,Gi1/0/50,FIBER,10,SFP+
MH-DC-006-T-CHR-62:Gi1/0/49,MH-DC-006-T-CHR-62,Gi1/0/49,FIBER,10,SFP+
MH-DC-006-T-CHR-62:Gi1/0/50,MH-DC-006-T-CHR-62,Gi1/0/50,FIBER,10,SFP+
MH-DC-006-T-CHR-63:Gi1/0/49,MH-DC-006-T-CHR-63,Gi1/0/49,FIBER,10,SFP+
MH-DC-006-T-CHR-63:Gi1/0/50,MH-DC-006-T-CHR-63,Gi1/0/50,FIBER,10,SFP+
MH-DC-006-T-CHR-64:Gi1/0/49,MH-DC-006-T-CHR-64,Gi1/0/49,FIBER,10,SFP+
MH-DC-006-T-CHR-64:Gi1/0/50,MH-DC-006-T-CHR-64,Gi1/0/50,FIBER,10,SFP+
MH-DC-006-T-CHR-65:Gi1/0/49,MH-DC-006-T-CHR-65,Gi1/0/49,FIBER,10,SFP+
MH-DC-006-T-CHR-65:Gi1/0/50,MH-DC-006-T-CHR-65,Gi1/0/50,FIBER,10,SFP+
MH-DC-006-T-CHR-66:Gi1/0/49,MH-DC-006-T-CHR-66,Gi1/0/49,FIBER,10,SFP+
MH-DC-006-T-CHR-66:Gi1/0/50,MH-DC-006-T-CHR-66,Gi1/0/50,FIBER,10,SFP+
MH-DC-006-T-CHR-67:Gi1/0/49,MH-DC-006-T-CHR-67,Gi1/0/49,FIBER,10,SFP+
MH-DC-006-T-CHR-67:Gi1/0/50,MH-DC-006-T-CHR-67,Gi1/0/50,FIBER,10,SFP+
MH-DC-006-T-CHR-68:Gi1/0/49,MH-DC-006-T-CHR-68,Gi1/0/49,FIBER,10,SFP+
MH-DC-006-T-CHR-68:Gi1/0/50,MH-DC-006-T-CHR-68,Gi1/0/50,FIBER,10,SFP+
MH-DC-006-T-CHR-69:Gi1/0/49,MH-DC-006-T-CHR-69,Gi1/0/49,FIBER,10,SFP+
MH-DC-006-T-CHR-69:Gi1/0/50,MH-DC-006-T-CHR-69,Gi1/0/50,FIBER,10,SFP+
MH-DC-006-OADM-100:NE-1,MH-DC-006-OADM-100,NE-1,FIBER,100,LC
MH-DC-006-ODF-08:F47,MH-DC-006-ODF-08,F47,FIBER,100,LC
MH-DC-006-OADM-120:NE-1,MH-DC-006-OADM-120,NE-1,FIBER,100,LC
MH-DC-006-ODF-08:F46,MH-DC-006-ODF-08,F46,FIBER,100,LC
